"ticker","start_date","end_date","Security","GICS.Sector"
"A","2000-06-05",NA,"Agilent Technologies","Health Care"
"AABA","1999-12-08","2017-06-19","Altaba Inc.","Financials"
"AAL","1996-01-02","1997-01-15","American Airlines Group Inc.","Industrials"
"AAL","2015-03-23","2024-09-23","American Airlines Group Inc.","Industrials"
"AAMRQ","1996-01-02","2003-03-14","AMR Corporation","Industrials"
"AAP","2015-07-09","2023-08-25","Advance Auto Parts, Inc.","Consumer Discretionary"
"AAPL","1996-01-02",NA,"Apple Inc.","Information Technology"
"ABBV","2013-01-02",NA,"AbbVie","Health Care"
"ABC","2001-08-30","2023-08-30","Cencora Inc.","Health Care"
"ABI","1996-01-02","2008-11-24","Anheuser-Busch InBev SA/NV","Consumer Staples"
"ABKFQ","2000-12-11","2008-06-11","Ambac Financial Group, Inc.","Financials"
"ABMD","2018-05-31","2022-12-22","Abiomed, Inc.","Health Care"
"ABNB","2023-09-18",NA,"Airbnb","Consumer Discretionary"
"ABS","1996-01-02","2006-06-02","Albertsons Companies, Inc.","Consumer Staples"
"ABT","1996-01-02",NA,"Abbott Laboratories","Health Care"
"ABX","1996-01-02","2002-07-22","Barrick Gold Corporation","Materials"
"ACAS","2007-07-09","2009-03-04","American Capital, Ltd.","Financials"
"ACGL","2022-11-01",NA,"Arch Capital Group","Financials"
"ACKH","1996-01-02","2000-11-17","Ackerman Holdings Inc.","Financials"
"ACN","2011-07-06",NA,"Accenture","Information Technology"
"ACS","2004-04-02","2010-02-08","Affiliated Computer Services, Inc.","Information Technology"
"ACV","1996-01-02","2006-11-17","AllianzGI Diversified Income & Convertible Fund","Financials"
"ADBE","1997-05-06",NA,"Adobe Inc.","Information Technology"
"ADCT","1999-08-02","2007-07-02","ADC Telecommunications, Inc.","Information Technology"
"ADI","1999-10-12",NA,"Analog Devices","Information Technology"
"ADM","1996-01-02",NA,"Archer Daniels Midland","Consumer Staples"
"ADP","1996-01-02",NA,"Automatic Data Processing","Industrials"
"ADS","2013-12-23","2020-06-22","Alliance Data Systems Corporation","Financials"
"ADSK","1996-01-02",NA,"Autodesk","Information Technology"
"ADT","2012-10-02","2016-05-02","ADT Inc.","Industrials"
"AEE","1996-01-02",NA,"Ameren","Utilities"
"AEP","1996-01-02",NA,"American Electric Power","Utilities"
"AES","1998-10-02",NA,"AES Corporation","Utilities"
"AET","1996-01-02","2018-11-29","Aetna Inc.","Health Care"
"AFL","1999-05-28",NA,"Aflac","Financials"
"AFS.A","1998-04-08","2000-12-01","Amvescap plc (Class A)","Financials"
"AGC","1996-01-02","2001-08-29","Advent Claymore Convertible Securities & Income Fund","Financials"
"AGN","1996-01-02","2020-05-12","Allergan plc","Health Care"
"AHM","1996-01-02","1998-10-01","American Home Mortgage Investment Corp.","Financials"
"AIG","1996-01-02",NA,"American International Group","Financials"
"AIT","1996-01-02","1999-10-11","Applied Industrial Technologies, Inc.","Industrials"
"AIV","2003-03-14","2020-12-21","Apartment Investment and Management Company","Real Estate"
"AIZ","2007-04-10",NA,"Assurant","Financials"
"AJG","2016-05-31",NA,"Arthur J. Gallagher & Co.","Financials"
"AKAM","2007-07-12",NA,"Akamai Technologies","Information Technology"
"AKS","2008-07-01","2011-12-19","AK Steel Holding Corporation","Materials"
"AL","1996-01-02","2002-07-22","Air Lease Corporation","Industrials"
"ALB","2016-07-01",NA,"Albemarle Corporation","Materials"
"ALGN","2017-06-19",NA,"Align Technology","Health Care"
"ALK","2016-05-13","2023-10-18","Alaska Air Group, Inc.","Industrials"
"ALL","1996-01-02",NA,"Allstate","Financials"
"ALLE","2013-12-02",NA,"Allegion","Industrials"
"ALTR","2000-04-18","2015-12-28","Altera Corporation","Information Technology"
"ALXN","2012-05-25","2021-07-21","Alexion Pharmaceuticals, Inc.","Health Care"
"AM","1996-01-02","2004-05-03","Antero Midstream Corporation","Energy"
"AMAT","1996-01-02",NA,"Applied Materials","Information Technology"
"AMCC","2001-01-02","2006-05-18","Applied Micro Circuits Corporation","Information Technology"
"AMCR","2019-06-07",NA,"Amcor","Materials"
"AMD","1996-01-02","2013-09-23","Advanced Micro Devices","Information Technology"
"AMD","2017-03-20","2013-09-20","Advanced Micro Devices","Information Technology"
"AME","2013-09-23",NA,"Ametek","Industrials"
"AMG","2014-07-01","2019-12-23","Affiliated Managers Group, Inc.","Financials"
"AMGN","1996-01-02",NA,"Amgen","Health Care"
"AMH","1996-01-02","1997-09-15","American Homes 4 Rent","Real Estate"
"AMP","1996-01-02","1999-04-05","Ameriprise Financial","Financials"
"AMP","2005-10-03",NA,"Ameriprise Financial","Financials"
"AMT","2007-11-19",NA,"American Tower","Real Estate"
"AMTM","2024-09-30","2024-12-23","American Metal & Technology, Inc.","Industrials"
"AMZN","2005-11-21",NA,"Amazon","Consumer Discretionary"
"AN","1996-01-02","1999-01-04","AutoNation, Inc.","Consumer Discretionary"
"AN","2003-02-24","2017-08-08","AutoNation, Inc.","Consumer Discretionary"
"ANDV","2007-09-27","2018-10-01","Andeavor","Energy"
"ANDW","1996-01-02","2006-10-02","Andrew Corporation","Information Technology"
"ANET","2018-08-28",NA,"Arista Networks","Information Technology"
"ANF","2007-03-29","2013-12-23","Abercrombie & Fitch Co.","Consumer Discretionary"
"ANRZQ","2011-06-02","2012-10-02","Alpha Natural Resources, Inc.","Energy"
"ANSS","2017-06-19","2025-07-18","Ansys","Information Technology"
"ANTM","2002-07-25","2022-06-28","Anthem, Inc.","Health Care"
"ANV","1996-01-02","1999-04-12","Allied Nevada Gold Corp.","Materials"
"AON","1996-04-23",NA,"Aon plc","Financials"
"AOS","2017-07-26",NA,"A. O. Smith","Industrials"
"APA","1997-07-28",NA,"APA Corporation","Energy"
"APC","1997-07-28","2019-08-09","Anadarko Petroleum Corporation","Energy"
"APCC","2000-06-01","2007-02-15","American Power Conversion Corporation","Information Technology"
"APD","1996-01-02",NA,"Air Products","Materials"
"APH","2008-09-30",NA,"Amphenol","Information Technology"
"APO","2024-12-23",NA,"Apollo Global Management","Financials"
"APOL","2002-05-15","2013-07-01","Apollo Education Group, Inc.","Consumer Discretionary"
"APTV","2012-12-24",NA,"Aptiv","Consumer Discretionary"
"AR","1996-01-02","1999-10-27","Antero Resources Corporation","Energy"
"ARC","1996-01-02","2000-04-18","ARC Document Solutions, Inc.","Industrials"
"ARE","2017-03-20",NA,"Alexandria Real Estate Equities","Real Estate"
"ARG","2009-09-09","2016-05-23","Airgas, Inc.","Materials"
"ARNC","1996-01-02","2020-04-06","Arconic Corporation","Industrials"
"AS","1996-01-02","1998-11-24","AmeriSource Inc.","Health Care"
"ASC","1996-01-02","1999-06-24","Ardmore Shipping Corporation","Industrials"
"ASH","1996-01-02","2008-11-14","Ashland Inc.","Materials"
"ASN","2004-12-20","2007-10-08","Archstone-Smith Trust","Real Estate"
"ASND","1998-06-12","1999-06-25","Ascendis Pharma A/S","Health Care"
"ASO","1999-03-10","2006-11-06","Academy Sports and Outdoors, Inc.","Consumer Discretionary"
"AT","1996-01-02","2007-11-19","Atlantic Power Corporation","Utilities"
"ATGE","2009-06-09","2012-10-01","Adtalem Global Education Inc.","Consumer Discretionary"
"ATI","1996-01-02","2015-07-02","ATI Inc. (Allegheny Technologies Incorporated)","Materials"
"ATO","2019-02-15",NA,"Atmos Energy","Utilities"
"ATVI","2015-08-31","2023-10-18","Activision Blizzard, Inc.","Communication Services"
"AV","2000-10-02","2007-10-26","Aviva plc","Financials"
"AVB","2007-01-10",NA,"AvalonBay Communities","Real Estate"
"AVGO","2014-05-08",NA,"Broadcom","Information Technology"
"AVP","1996-01-02","2015-03-23","Avon Products, Inc.","Consumer Staples"
"AVY","1996-01-02",NA,"Avery Dennison","Materials"
"AW","1999-08-02","2008-12-05","Allied Waste Industries, Inc.","Industrials"
"AWE","2001-07-09","2004-10-27","AT&T Wireless Services, Inc.","Communication Services"
"AWK","2016-03-04",NA,"American Water Works","Utilities"
"AXON","2023-05-04",NA,"Axon Enterprise","Industrials"
"AXP","1996-01-02",NA,"American Express","Financials"
"AYE","2000-12-11","2011-02-28","Allegheny Energy, Inc.","Utilities"
"AYI","2016-05-03","2018-06-18","Acuity Brands, Inc.","Industrials"
"AZA.A","1996-01-02","2001-06-25","AstraZeneca PLC (ADR)","Health Care"
"AZO","1997-01-02",NA,"AutoZone","Consumer Discretionary"
"BA","1996-01-02",NA,"Boeing","Industrials"
"BAC","1996-01-02",NA,"Bank of America","Financials"
"BALL","2022-05-10",NA,"Ball Corporation","Materials"
"BAX","1996-01-02",NA,"Baxter International","Health Care"
"BAY","1996-02-12","1998-08-31","Bayer AG","Health Care"
"BBBY","1999-10-01","2017-07-26","Bed Bath & Beyond Inc.","Consumer Discretionary"
"BBI","1996-01-02","1998-01-12","Blockbuster Inc.","Communication Services"
"BBT","1997-12-04","2019-12-09","BB&T Corporation","Financials"
"BBWI","2021-08-03","2024-10-01","Bath & Body Works, Inc.","Industrials"
"BBY","1999-06-30",NA,"Best Buy Co., Inc.","Consumer Discretionary"
"BC","1996-01-02","2008-06-23","Brunswick Corporation","Consumer Discretionary"
"BCO","1996-01-02","1996-01-22","The Brink’s Company","Industrials"
"BCR","1996-01-02","2017-12-29","C. R. Bard, Inc.","Health Care"
"BDK","1996-01-02","2010-03-15","The Black & Decker Corporation","Industrials"
"BDX","1996-01-02",NA,"Becton Dickinson","Health Care"
"BEAM","1996-01-02","2014-05-01","Beam Inc.","Consumer Staples"
"BEN","1998-04-29",NA,"Franklin Resources","Financials"
"BEV","1996-01-02","1997-12-04","Beverly Enterprises Inc.","Health Care"
"BF.B","1996-01-02",NA,"Brown–Forman","Consumer Staples"
"BFI","1996-01-02","1999-08-02","Browning-Ferris Industries, Inc.","Industrials"
"BFO","1996-01-02","2000-10-03","Bestfoods","Consumer Staples"
"BG","2023-03-15",NA,"Bunge Global","Consumer Staples"
"BGEN","2000-01-31","2003-11-13","Biogen, Inc.","Health Care"
"BGG","1996-01-02","2001-04-03","Briggs & Stratton Corporation","Industrials"
"BHF","2017-08-07","2019-04-02","Brighthouse Financial, Inc.","Financials"
"BHGE","1996-01-02","2019-10-18","Baker Hughes, a GE company","Energy"
"BHMSQ","1996-01-02","2000-12-11","Bethlehem Steel Corporation","Materials"
"BIG","1998-01-20","2013-02-14","Big Lots, Inc.","Consumer Discretionary"
"BIIB","2003-11-13",NA,"Biogen","Health Care"
"BIO","2020-06-22","2024-09-23","Bio-Rad Laboratories, Inc.","Health Care"
"BJS","2002-05-15","2010-04-29","BJ Services Company","Energy"
"BK","1996-01-02",NA,"BNY Mellon","Financials"
"BKB","1996-01-02","1999-10-01","BankBoston Corporation","Financials"
"BKNG","2009-11-06",NA,"Booking Holdings","Consumer Discretionary"
"BKR","2019-10-18",NA,"Baker Hughes","Energy"
"BLDR","2023-10-18",NA,"Builders FirstSource","Industrials"
"BLK","2011-04-04",NA,"BlackRock","Financials"
"BLL","1996-01-02","2022-05-10","Ball Corporation","Materials"
"BLS","1996-01-02","2007-01-03","BellSouth Corporation","Communication Services"
"BLY","1996-01-02","1996-12-19","Bally Entertainment Corporation","Consumer Discretionary"
"BMC","1998-10-01","2013-09-11","BMC Software, Inc.","Information Technology"
"BMET","1996-01-02","2007-07-12","Biomet, Inc.","Health Care"
"BMGCA","1996-07-22","1999-08-09","BMG Entertainment (Bertelsmann Music Group)","Communication Services"
"BMS","1996-01-02","2014-12-05","Bemis Company, Inc.","Materials"
"BMY","1996-01-02",NA,"Bristol Myers Squibb","Health Care"
"BNI","1996-01-02","2010-02-16","Burlington Northern Santa Fe Corporation","Industrials"
"BNL","1996-01-02","1998-07-01","Broad National Life Insurance Company","Financials"
"BOAT","1996-01-02","1997-01-07","Genmar Holdings, Inc. (BOAT)","Consumer Discretionary"
"BOL","1996-01-02","2007-10-29","Bausch & Lomb Incorporated","Health Care"
"BR","1996-01-02","2006-04-03","Broadridge Financial Solutions","Industrials"
"BR","2018-06-18",NA,"Broadridge Financial Solutions","Industrials"
"BRCM","2000-07-03","2016-02-01","Broadcom Corporation","Information Technology"
"BRK.B","2010-02-16",NA,"Berkshire Hathaway","Financials"
"BRL","2006-02-27","2008-12-23","Barr Laboratories, Inc.","Health Care"
"BRO","2021-09-20",NA,"Brown & Brown","Financials"
"BSC","1998-07-01","2008-06-02","The Bear Stearns Companies Inc.","Financials"
"BSX","1996-01-02",NA,"Boston Scientific","Health Care"
"BT","1996-01-02","1999-06-04","BT Group plc","Communication Services"
"BTUUQ","2006-11-20","2014-09-22","Peabody Energy Corporation","Energy"
"BUD","1996-01-02","2008-11-18","Anheuser-Busch Companies, Inc.","Consumer Staples"
"BVSN","2000-11-06","2001-09-04","BroadVision, Inc.","Information Technology"
"BWA","2011-12-19","2025-04-24","BorgWarner Inc.","Consumer Discretionary"
"BX","2023-09-18",NA,"Blackstone Inc.","Financials"
"BXLT","2015-07-01","2016-06-03","Baxalta Incorporated","Health Care"
"BXP","2006-04-03",NA,"BXP, Inc.","Real Estate"
"C","1996-01-02",NA,"Citigroup","Financials"
"CA","1996-01-02","2018-11-06","CA Technologies (formerly Computer Associates International, Inc.)","Information Technology"
"CAG","1996-01-02",NA,"Conagra Brands","Consumer Staples"
"CAH","1997-05-27",NA,"Cardinal Health","Health Care"
"CAL","1996-01-02","1996-07-22","Continental Airlines, Inc.","Industrials"
"CAM","2008-01-29","2016-04-04","Cameron International Corporation","Energy"
"CAR","1996-01-02","2006-08-01","Avis Budget Group, Inc.","Industrials"
"CARR","2020-04-03",NA,"Carrier Global","Industrials"
"CAT","1996-01-02",NA,"Caterpillar Inc.","Industrials"
"CB","1996-01-02",NA,"Chubb Limited","Financials"
"CBB","1996-01-02","1998-01-28","Cincinnati Bell Inc.","Communication Services"
"CBE","1996-01-02","2009-09-09","Cooper Industries plc","Industrials"
"CBE","2011-11-23","2012-12-03","Cooper Industries plc","Industrials"
"CBH","2006-06-06","2008-03-31","Commerce Bancorp, Inc.","Financials"
"CBOE","2017-03-01",NA,"Cboe Global Markets","Financials"
"CBRE","2006-11-10",NA,"CBRE Group","Real Estate"
"CBS","1996-01-02","2019-12-05","CBS Corporation","Communication Services"
"CBSS","2004-12-20","2007-09-07","Compass Bancshares, Inc.","Financials"
"CCB","1996-01-02","1996-02-12","CCB Financial Corporation","Financials"
"CCE","1998-10-08","2016-05-31","Coca-Cola Enterprises Inc.","Consumer Staples"
"CCEP","2016-01-04","2016-05-31","Coca-Cola Europacific Partners plc","Consumer Staples"
"CCI","1996-01-02","1998-10-08","Crown Castle","Real Estate"
"CCI","2012-03-13",NA,"Crown Castle","Real Estate"
"CCK","1996-01-02","2000-12-11","Crown Holdings, Inc.","Materials"
"CCL","1998-12-22",NA,"Carnival","Consumer Discretionary"
"CCTYQ","1996-01-02","2008-03-31","Calpine Corporation","Utilities"
"CCU","1997-09-02","2008-07-31","Compañía Cervecerías Unidas S.A.","Consumer Staples"
"CDAY","2021-09-20","2024-02-01","Ceridian HCM Holding Inc.","Information Technology"
"CDNS","2017-09-18",NA,"Cadence Design Systems","Information Technology"
"CDW","2019-09-23",NA,"CDW Corporation","Information Technology"
"CE","2001-04-02","2004-02-27","Celanese Corporation","Materials"
"CE","2018-12-24","2025-04-24","Celanese Corporation","Materials"
"CEG","1996-01-02","2012-03-13","Constellation Energy","Utilities"
"CEG","2022-02-02","2012-03-13","Constellation Energy","Utilities"
"CELG","2006-11-06","2019-11-21","Celgene Corporation","Health Care"
"CEN","1996-01-02","2001-04-02","Centerior Energy Corporation","Utilities"
"CEPH","2008-11-17","2011-10-14","Cephalon, Inc.","Health Care"
"CERN","2010-04-30","2022-06-08","Cerner Corporation","Health Care"
"CF","2000-06-19","2004-09-01","CF Industries","Materials"
"CF","2008-08-27",NA,"CF Industries","Materials"
"CFC","1997-06-18","2008-07-01","Countrywide Financial Corporation","Financials"
"CFG","2016-02-01",NA,"Citizens Financial Group","Financials"
"CFL","1996-01-02","1998-04-28","Chrysler Financial Corporation","Financials"
"CFN","2009-09-01","2015-03-17","CareFusion Corporation","Health Care"
"CG","1996-01-02","2000-11-02","The Carlyle Group Inc.","Financials"
"CGP","1996-01-02","2001-01-30","The Coastal Corporation","Energy"
"CHA","1996-01-02","2000-06-19","China Telecom Corporation Limited","Communication Services"
"CHD","2015-12-29",NA,"Church & Dwight","Consumer Staples"
"CHIR","2000-11-24","2006-04-20","Chiron Corporation","Health Care"
"CHK","2006-03-03","2018-03-19","Chesapeake Energy Corporation","Energy"
"CHRS","1996-01-02","1998-04-08","Coherus BioSciences, Inc.","Health Care"
"CHRW","2007-03-02",NA,"C.H. Robinson","Industrials"
"CHTR","2016-09-08",NA,"Charter Communications","Communication Services"
"CI","1996-01-02",NA,"Cigna","Health Care"
"CIEN","2001-08-30","2009-12-21","Ciena Corporation","Information Technology"
"CIN","1996-01-02","2006-04-03","Cinergy Corporation","Utilities"
"CINF","1997-12-18",NA,"Cincinnati Financial","Financials"
"CIT.A","2000-07-17","2001-06-04","CIT Group Inc. (Class A)","Financials"
"CITGQ","2004-10-27","2009-07-27","CIT Group Inc.","Financials"
"CL","1996-01-02",NA,"Colgate-Palmolive","Consumer Staples"
"CLF","2009-12-21","2014-04-02","Cleveland-Cliffs Inc.","Materials"
"CLX","1996-01-02",NA,"Clorox","Consumer Staples"
"CMA","1996-01-02","2024-06-24","Comerica Incorporated","Financials"
"CMB","1996-01-02","1996-04-01","The Chase Manhattan Corporation","Financials"
"CMCSA","1996-01-02",NA,"Comcast","Communication Services"
"CMCSK","2015-09-21","2015-12-14","Comcast Corporation (Special Class K)","Communication Services"
"CME","2006-08-11",NA,"CME Group","Financials"
"CMG","2011-04-28",NA,"Chipotle Mexican Grill","Consumer Discretionary"
"CMI","1996-01-02",NA,"Cummins","Industrials"
"CMS","1999-05-03",NA,"CMS Energy","Utilities"
"CMVT","1999-10-27","2007-02-01","Comverse Technology, Inc.","Information Technology"
"CMX","2004-03-25","2007-03-23","Caremark Rx, Inc.","Health Care"
"CNC","1997-01-15","2002-07-25","Centene Corporation","Health Care"
"CNC","2016-03-30",NA,"Centene Corporation","Health Care"
"CNG","1996-01-02","2000-01-31","Consolidated Natural Gas Company","Utilities"
"CNP","1996-01-02",NA,"CenterPoint Energy","Utilities"
"CNW","1996-01-02","1996-12-03","Con-way Inc.","Industrials"
"CNX","2006-06-28","2016-03-04","CONSOL Energy Inc.","Energy"
"CNXT","2000-01-31","2002-06-26","Conexant Systems, Inc.","Information Technology"
"COC.B","1999-08-09","2002-09-03","Conoco Inc. (Class B)","Energy"
"COF","1998-07-01",NA,"Capital One","Financials"
"COG","2008-06-23","2021-10-04","Cabot Oil & Gas Corporation","Energy"
"COIN","2025-05-19",NA,"Coinbase","Financials"
"COL","2001-07-02","2018-11-27","Rockwell Collins, Inc.","Industrials"
"COMS","1996-01-02","2000-07-28","3Com Corporation","Information Technology"
"COO","2016-09-23",NA,"Cooper Companies (The)","Health Care"
"COP","1996-01-02",NA,"ConocoPhillips","Energy"
"COR","2023-08-30",NA,"Cencora","Health Care"
"COST","1996-01-02",NA,"Costco","Consumer Staples"
"COTY","2016-10-03","2020-09-21","Coty Inc.","Consumer Staples"
"COV","1996-01-02","1996-08-16","Covidien plc","Health Care"
"COV","2007-07-02","2009-06-05","Covidien plc","Health Care"
"COV","2011-03-01","2015-01-27","Covidien plc","Health Care"
"CPAY","2024-03-25",NA,"Corpay","Financials"
"CPB","1996-01-02",NA,"Campbell's Company (The)","Consumer Staples"
"CPGX","2015-07-02","2016-07-01","Consolidated Papers, Inc.","Materials"
"CPNLQ","2000-12-01","2005-12-02","Calpine Corporation","Utilities"
"CPQ","1996-01-02","2002-05-06","Compaq Computer Corporation","Information Technology"
"CPRI","2016-01-04","2020-05-12","Capri Holdings Limited","Consumer Discretionary"
"CPRT","2018-07-02",NA,"Copart","Industrials"
"CPT","2022-04-04",NA,"Camden Property Trust","Real Estate"
"CPWR","1999-01-04","2012-01-03","Compuware Corporation","Information Technology"
"CR","1996-01-02","2004-12-20","Crane Co.","Industrials"
"CRL","2021-05-14",NA,"Charles River Laboratories","Health Care"
"CRM","2008-09-15",NA,"Salesforce","Information Technology"
"CRR","1996-01-02","1997-05-27","CARBO Ceramics Inc.","Energy"
"CRWD","2024-06-24",NA,"CrowdStrike","Information Technology"
"CSCO","1996-01-02",NA,"Cisco","Information Technology"
"CSE","1996-01-22","1999-11-15","CapitalSource Inc.","Financials"
"CSGP","2022-09-19",NA,"CoStar Group","Real Estate"
"CSR","1996-01-02","2000-06-16","CenterSpace","Real Estate"
"CSRA","2015-11-30","2018-04-04","CSRA Inc.","Information Technology"
"CSX","1996-01-02",NA,"CSX Corporation","Industrials"
"CTAS","2001-03-01",NA,"Cintas","Industrials"
"CTB","1996-01-02","2006-07-18","Cooper Tire & Rubber Company","Consumer Discretionary"
"CTL","1999-03-25","2020-09-18","CenturyLink, Inc.","Communication Services"
"CTLT","2020-09-21","2024-12-23","Catalent, Inc.","Health Care"
"CTRA","2021-10-04",NA,"Coterra","Energy"
"CTSH","2006-11-17",NA,"Cognizant","Information Technology"
"CTVA","2019-06-03",NA,"Corteva","Materials"
"CTX","1996-01-02","2009-08-19","Centex Corporation","Consumer Discretionary"
"CTXS","1999-12-01","2022-10-03","Citrix Systems, Inc.","Information Technology"
"CVC","2010-12-20","2016-06-21","Cablevision Systems Corporation","Communication Services"
"CVG","2000-06-13","2009-12-21","Convergys Corporation","Information Technology"
"CVH","2005-08-30","2013-05-07","Coventry Health Care, Inc.","Health Care"
"CVS","1996-01-02",NA,"CVS Health","Health Care"
"CVX","1996-01-02",NA,"Chevron Corporation","Energy"
"CXO","2016-02-22","2021-01-21","Concho Resources Inc.","Energy"
"CYM","1996-01-02","1999-10-18","Cymer, Inc.","Information Technology"
"CYR","1996-01-02","1996-03-28","Cyrk, Inc.","Consumer Discretionary"
"CZR","2021-03-22","2025-09-22","Caesars Entertainment","Consumer Discretionary"
"D","1996-01-02",NA,"Dominion Energy","Utilities"
"DAL","2013-09-11",NA,"Delta Air Lines","Industrials"
"DALRQ","1996-01-02","2005-08-19","Delta Air Lines, Inc.","Industrials"
"DASH","2025-04-24",NA,"DoorDash","Consumer Discretionary"
"DAY","2024-02-01",NA,"Dayforce","Industrials"
"DCNAQ","1996-01-02","2006-03-03","Dana Corporation","Industrials"
"DD","1996-01-02","2017-09-01","DuPont","Materials"
"DD","2019-06-03","2017-09-01","DuPont","Materials"
"DDOG","2025-07-09",NA,"Datadog","Information Technology"
"DDR","2007-03-23","2009-03-30","DDR Corp. (Developers Diversified Realty)","Real Estate"
"DDS","1996-01-02","2008-10-22","Dillard's, Inc.","Consumer Discretionary"
"DE","1996-01-02",NA,"Deere & Company","Industrials"
"DEC","1996-01-02","1998-06-12","Digital Equipment Corporation","Information Technology"
"DECK","2024-03-18",NA,"Deckers Brands","Consumer Discretionary"
"DELL","1996-09-06","2013-10-29","Dell Technologies","Information Technology"
"DELL","2024-09-23","2013-10-29","Dell Technologies","Information Technology"
"DF","2006-04-03","2013-05-24","Dean Foods Company","Consumer Staples"
"DFS","2007-07-02","2025-05-19","Discover Financial Services","Financials"
"DG","1998-07-16","2007-07-09","Dollar General","Consumer Staples"
"DG","2012-12-03",NA,"Dollar General","Consumer Staples"
"DGN","1996-01-02","1999-10-13","Degussa Corporation","Materials"
"DGX","2002-12-12",NA,"Quest Diagnostics","Health Care"
"DHI","2005-07-05",NA,"D. R. Horton","Consumer Discretionary"
"DHR","1998-11-18",NA,"Danaher Corporation","Health Care"
"DI","1996-01-02","1998-09-30","Dresser Industries, Inc.","Energy"
"DIGI","1996-01-02","1998-08-28","Digi International Inc.","Information Technology"
"DIS","1996-01-02",NA,"Walt Disney Company (The)","Communication Services"
"DISCA","2010-03-01","2022-04-11","Discovery Communications, Inc. (Class A)","Communication Services"
"DISCK","2014-08-07","2022-04-11","Discovery Communications, Inc. (Class C)","Communication Services"
"DISH","2017-03-13","2023-06-20","DISH Network Corporation","Communication Services"
"DJ","1996-01-02","2007-12-14","Dow Jones & Company, Inc.","Communication Services"
"DLR","2016-05-18",NA,"Digital Realty","Real Estate"
"DLTR","2011-12-19",NA,"Dollar Tree","Consumer Staples"
"DLX","1996-01-02","2004-12-20","Deluxe Corporation","Industrials"
"DNB","2008-12-02","2017-04-05","The Dun & Bradstreet Corporation","Industrials"
"DNR","2009-04-02","2015-03-23","Denbury Resources Inc.","Energy"
"DO","2009-02-26","2016-10-03","Diamond Offshore Drilling, Inc.","Energy"
"DOC","2024-03-04",NA,"Healthpeak Properties","Real Estate"
"DOV","1996-01-02",NA,"Dover Corporation","Industrials"
"DOW","1996-01-02","2017-09-01","Dow Inc.","Materials"
"DOW","2019-04-02","2017-09-01","Dow Inc.","Materials"
"DPHIQ","1999-05-28","2005-10-11","Delphi Corporation","Consumer Discretionary"
"DPZ","2020-05-12",NA,"Domino's","Consumer Discretionary"
"DRE","2017-07-26","2022-10-03","Duke Realty Corporation","Real Estate"
"DRI","1996-01-02",NA,"Darden Restaurants","Consumer Discretionary"
"DTE","1996-01-02",NA,"DTE Energy","Utilities"
"DTV","2006-12-04","2015-07-27","DIRECTV","Communication Services"
"DUK","1996-01-02",NA,"Duke Energy","Utilities"
"DVA","2008-07-31",NA,"DaVita","Health Care"
"DVN","2000-08-30",NA,"Devon Energy","Energy"
"DWD","1996-01-02","1997-06-02","Dean Witter, Discover & Co.","Financials"
"DWDP","2017-09-01","2019-06-03","DowDuPont Inc.","Materials"
"DXC","1996-01-02","2015-12-01","DXC Technology Company","Information Technology"
"DXC","2017-04-04","2023-10-02","DXC Technology Company","Information Technology"
"DXCM","2020-05-12",NA,"Dexcom","Health Care"
"DYN","2000-10-03","2009-12-21","Dynegy Inc.","Utilities"
"EA","2002-07-22",NA,"Electronic Arts","Communication Services"
"EBAY","2002-07-22",NA,"eBay Inc.","Consumer Discretionary"
"EC","1996-01-02","2006-06-06","Ecopetrol S.A.","Energy"
"ECH","1996-01-02","1998-07-10","Echlin Inc.","Consumer Discretionary"
"ECL","1996-01-02",NA,"Ecolab","Materials"
"ECO","1996-01-02","1998-01-20","Echo Bay Mines Ltd.","Materials"
"ED","1996-01-02",NA,"Consolidated Edison","Utilities"
"EDS","1998-08-11","2008-08-26","Electronic Data Systems Corporation","Information Technology"
"EFU","1996-01-02","2000-11-02","Eastern Utilities Associates","Utilities"
"EFX","1997-06-19",NA,"Equifax","Industrials"
"EG","2023-06-10",NA,"Everest Group","Financials"
"EHC","1997-01-08","2003-03-21","Encompass Health Corporation","Health Care"
"EIX","1996-01-02",NA,"Edison International","Utilities"
"EKDKQ","1996-01-02","2010-12-20","Eastman Kodak Company","Information Technology"
"EL","2006-01-05",NA,"Estée Lauder Companies (The)","Consumer Staples"
"ELV","2022-06-28",NA,"Elevance Health","Health Care"
"EMC","1996-03-28","2016-09-07","EMC Corporation","Information Technology"
"EMN","1996-01-02",NA,"Eastman Chemical Company","Materials"
"EMR","1996-01-02",NA,"Emerson Electric","Industrials"
"ENDP","2015-01-27","2017-03-02","Endo International plc","Health Care"
"ENPH","2021-01-07","2025-09-22","Enphase Energy","Information Technology"
"ENRNQ","1996-01-02","2001-11-30","Enron Corp.","Energy"
"ENS","1996-01-02","1997-08-06","EnerSys","Industrials"
"EOG","2000-11-02",NA,"EOG Resources","Energy"
"EOP","2001-10-10","2007-02-12","Equity Office Properties Trust","Real Estate"
"EP","1999-10-26","2012-05-25","El Paso Corporation","Energy"
"EPAM","2021-12-14",NA,"EPAM Systems","Information Technology"
"EQ","2006-05-18","2009-07-01","Embarq Corporation","Communication Services"
"EQIX","2015-03-23",NA,"Equinix","Real Estate"
"EQR","2001-12-03",NA,"Equity Residential","Real Estate"
"EQT","2008-12-19","2018-11-13","EQT Corporation","Energy"
"EQT","2022-10-03","2018-11-13","EQT Corporation","Energy"
"ERIE","2024-09-23",NA,"Erie Indemnity","Financials"
"ES","2009-03-17",NA,"Eversource Energy","Utilities"
"ESRX","2003-09-26","2018-12-21","Express Scripts Holding Company","Health Care"
"ESS","2014-04-02",NA,"Essex Property Trust","Real Estate"
"ESV","2007-01-04","2009-12-23","Ensco plc","Energy"
"ESV","2012-07-31","2016-03-30","Ensco plc","Energy"
"ETFC","2004-04-01","2020-10-07","E*TRADE Financial Corporation","Financials"
"ETN","1996-01-02",NA,"Eaton Corporation","Industrials"
"ETR","1996-01-02",NA,"Entergy","Utilities"
"ETS","1996-01-02","2001-08-06","Enterasys Networks, Inc.","Information Technology"
"ETSY","2020-09-21","2024-09-23","Etsy, Inc.","Consumer Discretionary"
"EVHC","2016-12-02","2018-10-11","Envision Healthcare Holdings, Inc.","Health Care"
"EVRG","2018-06-05",NA,"Evergy","Utilities"
"EW","2011-04-01",NA,"Edwards Lifesciences","Health Care"
"EXC","1996-01-02",NA,"Exelon","Utilities"
"EXE","2025-04-24",NA,"Expand Energy","Energy"
"EXPD","2007-10-10",NA,"Expeditors International","Industrials"
"EXPE","2007-10-02",NA,"Expedia Group","Consumer Discretionary"
"EXR","2016-01-19",NA,"Extra Space Storage","Real Estate"
"F","1996-01-02",NA,"Ford Motor Company","Consumer Discretionary"
"FANG","2018-12-03",NA,"Diamondback Energy","Energy"
"FAST","2008-09-15",NA,"Fastenal","Industrials"
"FB","2013-12-23","2022-06-09","Facebook, Inc.","Communication Services"
"FBF","1996-01-02","2004-04-01","FleetBoston Financial Corporation","Financials"
"FBHS","2016-06-24","2022-12-19","Fortune Brands Home & Security, Inc.","Industrials"
"FBO","1996-01-02","1996-03-13","Fairchild Industries, Inc.","Industrials"
"FCN","1996-01-02","1998-10-02","FTI Consulting, Inc.","Industrials"
"FCPT","2015-11-10","2015-11-17","Four Corners Property Trust, Inc.","Real Estate"
"FCX","1996-01-02",NA,"Freeport-McMoRan","Materials"
"FDC","1996-01-02","2007-09-25","First Data Corporation","Information Technology"
"FDO","2001-08-06","2015-07-07","Family Dollar Stores, Inc.","Consumer Staples"
"FDS","2021-12-20",NA,"FactSet","Financials"
"FDX","1996-01-02",NA,"FedEx","Industrials"
"FE","1996-01-02",NA,"FirstEnergy","Utilities"
"FFIV","2010-12-20",NA,"F5, Inc.","Information Technology"
"FG","1996-01-02","1998-04-27","F&G Annuities & Life, Inc.","Financials"
"FHN","2002-05-06","2013-06-24","First Horizon Corporation","Financials"
"FI","2023-06-07",NA,"Fiserv","Financials"
"FICO","2023-03-20",NA,"Fair Isaac","Information Technology"
"FII","2003-04-16","2013-01-02","Federated Investors, Inc.","Financials"
"FIS","2006-11-10",NA,"Fidelity National Information Services","Financials"
"FISV","2001-04-02","2023-06-07","Fiserv, Inc.","Information Technology"
"FITB","1996-03-08",NA,"Fifth Third Bancorp","Financials"
"FJ","1996-01-02","2000-11-24","Foster Wheeler Ltd.","Industrials"
"FL","1996-01-02","1999-01-04","Foot Locker, Inc.","Consumer Discretionary"
"FL","2016-04-04","2019-08-09","Foot Locker, Inc.","Consumer Discretionary"
"FLIR","2009-01-02","2021-05-14","FLIR Systems, Inc.","Information Technology"
"FLMIQ","1996-01-02","1997-12-24","Fleming Companies, Inc.","Consumer Staples"
"FLR","2000-12-22","2019-06-03","Fluor Corporation","Industrials"
"FLS","2008-10-02","2021-03-22","Flowserve Corporation","Industrials"
"FLT","2018-06-20","2024-03-25","FleetCor Technologies, Inc.","Financials"
"FLTWQ","1996-01-02","2000-01-31","Fleetwood Enterprises, Inc.","Consumer Discretionary"
"FMC","1996-01-02","2002-01-02","FMC Corporation","Materials"
"FMC","2009-08-19","2025-04-24","FMC Corporation","Materials"
"FMCC","1996-01-02","2008-09-11","Federal Home Loan Mortgage Corporation (Freddie Mac)","Financials"
"FMY","1998-07-10","1999-05-28","First Trust Mortgage Income Fund","Financials"
"FNMA","1996-01-02","2008-09-11","Federal National Mortgage Association (Fannie Mae)","Financials"
"FOSL","2012-04-04","2016-01-05","Fossil Group, Inc.","Consumer Discretionary"
"FOX","2015-09-21","2019-03-19","Fox Corporation (Class B)","Communication Services"
"FOXA","2004-12-20","2019-03-19","Fox Corporation (Class A)","Communication Services"
"FPC","1999-06-22","2000-12-01","FPC Holdings, Inc. (Florida Power Corporation)","Utilities"
"FRC","2019-01-02","2023-05-04","First Republic Bank","Financials"
"FRO","1997-01-02","1999-09-29","Frontline Ltd.","Energy"
"FRT","2016-02-01",NA,"Federal Realty Investment Trust","Real Estate"
"FRX","2000-11-22","2014-07-01","Forest Laboratories, Inc.","Health Care"
"FSH","2004-08-03","2006-11-10","Fisher Scientific International Inc.","Health Care"
"FSL","2004-12-03","2006-12-04","Freescale Semiconductor, Ltd.","Information Technology"
"FSLR","2009-10-16","2017-03-20","First Solar","Information Technology"
"FSLR","2022-12-19","2017-03-20","First Solar","Information Technology"
"FTI","2009-06-05","2021-02-12","TechnipFMC plc","Energy"
"FTL.A","1996-01-02","1999-10-01","Fruit of the Loom, Inc. (Class A)","Consumer Discretionary"
"FTNT","2018-10-11",NA,"Fortinet","Information Technology"
"FTR","2001-02-27","2017-03-20","Frontier Communications Corporation","Communication Services"
"FTV","2016-07-05",NA,"Fortive","Industrials"
"FWLT","1996-01-02","2000-01-31","Foster Wheeler AG","Industrials"
"G","1996-01-02","2005-10-03","Genpact Limited","Industrials"
"GAPTQ","1996-01-02","2000-08-30","Global Aviation Holdings Inc.","Industrials"
"GAS","1996-01-02","2011-12-12","AGL Resources Inc.","Utilities"
"GAS","2011-12-13","2016-07-01","AGL Resources Inc.","Utilities"
"GD","1996-01-02",NA,"General Dynamics","Industrials"
"GDDY","2024-06-24",NA,"GoDaddy","Information Technology"
"GDT","1996-12-19","2006-04-24","Guidant Corporation","Health Care"
"GDW","1996-01-02","2006-10-02","Golden West Financial Corporation","Financials"
"GE","1996-01-02",NA,"GE Aerospace","Industrials"
"GEHC","2023-01-04",NA,"GE HealthCare","Health Care"
"GEN","2022-11-08",NA,"Gen Digital","Information Technology"
"GENZ","2001-12-14","2011-04-04","Genzyme Corporation","Health Care"
"GEV","2024-04-03",NA,"GE Vernova","Industrials"
"GFS.A","1996-01-02","1998-07-16","General Foods Corporation (Class A)","Consumer Staples"
"GGP","2007-07-02","2008-11-13","General Growth Properties, Inc.","Real Estate"
"GGP","2013-12-10","2018-08-28","General Growth Properties, Inc.","Real Estate"
"GHC","2007-12-31","2014-09-22","Graham Holdings Company","Communication Services"
"GIDL","1996-01-02","1997-07-17","Guidant International Ltd.","Health Care"
"GILD","2004-07-01",NA,"Gilead Sciences","Health Care"
"GIS","1996-01-02",NA,"General Mills","Consumer Staples"
"GL","2019-08-08",NA,"Globe Life","Financials"
"GLD","1996-01-02","1997-05-06","SPDR Gold Shares","Financials"
"GLK","1996-01-02","2005-07-05","Great Lakes Chemical Corporation","Materials"
"GLW","1996-01-02",NA,"Corning Inc.","Information Technology"
"GM","2013-06-07",NA,"General Motors","Consumer Discretionary"
"GMCR","2014-03-24","2016-03-03","Green Mountain Coffee Roasters, Inc.","Consumer Staples"
"GME","2007-12-14","2016-04-25","GameStop Corp.","Consumer Discretionary"
"GNRC","2021-03-22",NA,"Generac","Industrials"
"GNT","1996-03-13","1998-07-01","GAMCO Natural Resources, Gold & Income Trust","Financials"
"GNW","2005-12-02","2015-11-18","Genworth Financial, Inc.","Financials"
"GOOG","2014-04-03",NA,"Alphabet Inc. (Class C)","Communication Services"
"GOOGL","2006-04-03",NA,"Alphabet Inc. (Class A)","Communication Services"
"GP","1996-01-02","2005-12-20","Georgia-Pacific Corporation","Materials"
"GPC","1996-01-02",NA,"Genuine Parts Company","Consumer Discretionary"
"GPN","2016-04-25",NA,"Global Payments","Financials"
"GPS","1996-01-02","2022-02-02","The Gap, Inc.","Consumer Discretionary"
"GPU","1996-01-02","2001-11-07","GPU, Inc. (General Public Utilities)","Utilities"
"GR","1996-01-02","2012-07-27","Goodrich Corporation","Industrials"
"GRA","1996-01-02","2000-12-11","W.R. Grace & Co.","Materials"
"GRMN","2012-12-12",NA,"Garmin","Consumer Discretionary"
"GRN","1996-01-02","1998-12-22","Greenhill & Co., Inc.","Financials"
"GS","2002-07-22",NA,"Goldman Sachs","Financials"
"GSX","1996-01-02","1998-10-07","GSX Techedu Inc.","Consumer Discretionary"
"GT","1996-01-02","2019-02-27","The Goodyear Tire & Rubber Company","Consumer Discretionary"
"GTE","1996-01-02","2000-07-03","GTE Corporation","Communication Services"
"GTW","1998-04-27","2006-08-01","Gateway, Inc.","Information Technology"
"GWF","1996-01-02","1997-07-02","The Great Western Financial Corporation","Financials"
"GWW","1996-01-02",NA,"W. W. Grainger","Industrials"
"GX","1999-09-29","2001-10-10","The Great Atlantic & Pacific Tea Company","Consumer Staples"
"H","1996-01-02","2001-06-29","Hyatt Hotels Corporation","Consumer Discretionary"
"H","2006-08-01","2007-04-10","Hyatt Hotels Corporation","Consumer Discretionary"
"HAL","1996-01-02",NA,"Halliburton","Energy"
"HAR","2006-02-01","2017-03-13","Harman International Industries, Inc.","Consumer Discretionary"
"HAS","1996-01-02",NA,"Hasbro","Consumer Discretionary"
"HBAN","1997-08-06",NA,"Huntington Bancshares","Financials"
"HBI","2015-03-23","2021-12-20","Hanesbrands Inc.","Consumer Discretionary"
"HBOC","1997-10-23","1999-01-13","HBO & Company","Health Care"
"HCA","1996-01-02","2006-11-20","HCA Healthcare","Health Care"
"HCA","2015-01-27",NA,"HCA Healthcare","Health Care"
"HCBK","2007-02-15","2015-11-02","Hudson City Bancorp, Inc.","Financials"
"HCP","2008-03-31","2019-11-05","HCP, Inc. (now Healthpeak Properties, Inc.)","Real Estate"
"HCR","1998-09-28","2007-11-09","HCR ManorCare, Inc.","Health Care"
"HD","1996-01-02",NA,"Home Depot (The)","Consumer Discretionary"
"HDLM","1996-01-02","1996-03-08","Household International Inc.","Financials"
"HES","1996-01-02","2025-07-23","Hess Corporation","Energy"
"HET","1996-01-02","2008-01-29","Harrah’s Entertainment, Inc.","Consumer Discretionary"
"HFC","2018-06-18","2021-06-04","HollyFrontier Corporation","Energy"
"HFS","1996-08-16","1997-12-18","Hospitality Franchise Systems, Inc. (later Cendant Corporation)","Consumer Discretionary"
"HI","1996-01-02","2003-03-31","Hillenbrand Industries, Inc.","Industrials"
"HIG","1996-01-02",NA,"Hartford (The)","Financials"
"HII","2018-01-03",NA,"Huntington Ingalls Industries","Industrials"
"HLT","1996-01-02","2007-10-25","Hilton Worldwide","Consumer Discretionary"
"HLT","2017-06-19",NA,"Hilton Worldwide","Consumer Discretionary"
"HM","1996-01-02","2001-12-17","Homestake Mining Company","Materials"
"HMA","2001-11-07","2007-03-02","Health Management Associates, Inc.","Health Care"
"HNZ","1996-01-02","2013-06-07","H. J. Heinz Company","Consumer Staples"
"HOG","2000-01-31","2020-06-22","Harley-Davidson, Inc.","Consumer Discretionary"
"HOLX","2016-03-30",NA,"Hologic","Health Care"
"HON","1996-01-02",NA,"Honeywell","Industrials"
"HOT","2000-11-17","2016-09-23","Starwood Hotels & Resorts Worldwide, Inc.","Consumer Discretionary"
"HP","1996-01-02","1999-12-31","Helmerich & Payne, Inc.","Energy"
"HP","2010-03-01","2020-05-22","Helmerich & Payne, Inc.","Energy"
"HPC","1996-01-02","2008-11-14","Hercules Incorporated","Materials"
"HPE","2015-11-02",NA,"Hewlett Packard Enterprise","Information Technology"
"HPH","1996-01-02","1999-06-09","HealthSouth Corporation (Historic ticker alias)","Health Care"
"HPQ","1996-01-02",NA,"HP Inc.","Information Technology"
"HRB","1996-01-02","2020-09-21","H&R Block, Inc.","Financials"
"HRL","2009-03-04",NA,"Hormel Foods","Consumer Staples"
"HRS","1996-01-02","1999-11-08","Harris Corporation","Information Technology"
"HRS","2008-09-22","2019-06-01","Harris Corporation","Information Technology"
"HSH","1996-01-02","2012-06-29","Hillshire Brands Company","Consumer Staples"
"HSIC","2015-03-18",NA,"Henry Schein","Health Care"
"HSP","2004-05-03","2015-09-03","Hospira, Inc.","Health Care"
"HST","2007-03-20",NA,"Host Hotels & Resorts","Real Estate"
"HSY","1996-01-02",NA,"Hershey Company (The)","Consumer Staples"
"HUBB","2023-10-18",NA,"Hubbell Incorporated","Industrials"
"HUM","1996-01-02",NA,"Humana","Health Care"
"HWM","2020-04-06",NA,"Howmet Aerospace","Industrials"
"I","1996-01-02","1996-04-01","Intelsat S.A.","Communication Services"
"IAC","2006-12-01","2008-08-21","IAC Inc.","Communication Services"
"IBM","1996-01-02",NA,"IBM","Information Technology"
"ICE","2007-09-26",NA,"Intercontinental Exchange","Financials"
"IDXX","2017-01-05",NA,"Idexx Laboratories","Health Care"
"IEX","2019-08-09",NA,"IDEX Corporation","Industrials"
"IFF","1996-01-02",NA,"International Flavors & Fragrances","Materials"
"IGT","2001-09-04","2014-06-20","International Game Technology","Consumer Discretionary"
"IKN","1996-01-02","2000-06-29","Ikon Office Solutions, Inc.","Industrials"
"ILMN","2015-11-19","2024-06-24","Illumina, Inc.","Health Care"
"IMNX","2001-09-21","2002-07-16","Immunex Corporation","Health Care"
"INCLF","1996-01-02","2002-07-22","Inco Limited","Materials"
"INCY","2017-02-28",NA,"Incyte","Health Care"
"INFO","2017-06-02","2022-03-02","S&P Global Market Intelligence (formerly IHS Markit Ltd.)","Industrials"
"INGR","1996-01-02","1997-07-28","Ingredion Incorporated","Consumer Staples"
"INTC","1996-01-02",NA,"Intel","Information Technology"
"INTU","2000-12-11",NA,"Intuit","Information Technology"
"INVH","2022-09-19",NA,"Invitation Homes","Real Estate"
"IP","1996-01-02",NA,"International Paper","Materials"
"IPG","1996-01-02",NA,"Interpublic Group of Companies (The)","Communication Services"
"IPGP","2018-03-07","2022-06-21","IPG Photonics Corporation","Information Technology"
"IQV","2017-08-29",NA,"IQVIA","Health Care"
"IR","1996-01-02","2009-07-01","Ingersoll Rand","Industrials"
"IR","2010-11-17",NA,"Ingersoll Rand","Industrials"
"IRM","2009-01-06",NA,"Iron Mountain","Real Estate"
"ISRG","2008-06-02",NA,"Intuitive Surgical","Health Care"
"IT","2017-04-05",NA,"Gartner","Information Technology"
"ITT","1996-01-02","2011-11-01","ITT Inc.","Industrials"
"ITW","1996-01-02",NA,"Illinois Tool Works","Industrials"
"IVZ","2008-08-21",NA,"Invesco","Financials"
"J","2019-12-10",NA,"Jacobs Solutions","Industrials"
"JAVA","1996-01-02","2010-01-27","Sun Microsystems, Inc.","Information Technology"
"JBHT","2015-07-01",NA,"J.B. Hunt","Industrials"
"JBL","2001-01-30","2014-11-05","Jabil","Information Technology"
"JBL","2023-10-18","2014-11-05","Jabil","Information Technology"
"JCI","1996-01-02",NA,"Johnson Controls","Industrials"
"JCP","1996-01-02","2013-12-02","J. C. Penney Company, Inc.","Consumer Discretionary"
"JEC","2007-10-26","2019-12-10","Jacobs Engineering Group Inc.","Industrials"
"JEF","2007-08-27","2019-09-26","Jefferies Financial Group Inc.","Financials"
"JH","1996-01-02","1998-04-01","John H. Harland Company","Industrials"
"JHF","2001-06-29","2004-04-29","John Hancock Financial Services, Inc.","Financials"
"JKHY","2018-11-13",NA,"Jack Henry & Associates","Financials"
"JNJ","1996-01-02",NA,"Johnson & Johnson","Health Care"
"JNPR","2006-06-02","2025-07-09","Juniper Networks, Inc.","Information Technology"
"JNS","2000-07-13","2011-11-23","Janus Capital Group Inc.","Financials"
"JNY","2001-12-17","2009-03-04","The Jones Group Inc.","Consumer Discretionary"
"JOS","1996-01-02","2000-05-10","Jostens, Inc.","Consumer Discretionary"
"JOY","2011-02-28","2015-10-08","Joy Global Inc.","Industrials"
"JP","1996-01-02","2006-04-03","Jefferson-Pilot Corporation","Financials"
"JPM","1996-01-02",NA,"JPMorgan Chase","Financials"
"JWN","1996-01-02","2020-06-22","Nordstrom, Inc.","Consumer Discretionary"
"K","1996-01-02",NA,"Kellanova","Consumer Staples"
"KATE","1996-01-02","2008-12-02","Kate Spade & Company","Consumer Discretionary"
"KBH","1996-01-02","2009-12-21","KB Home","Consumer Discretionary"
"KDP","2008-10-07","2018-07-02","Keurig Dr Pepper","Consumer Staples"
"KDP","2022-06-21",NA,"Keurig Dr Pepper","Consumer Staples"
"KEY","1996-01-02",NA,"KeyCorp","Financials"
"KEYS","2018-11-06",NA,"Keysight Technologies","Information Technology"
"KG","2000-10-03","2010-12-20","King Pharmaceuticals, Inc.","Health Care"
"KHC","2015-07-06",NA,"Kraft Heinz","Consumer Staples"
"KIM","2006-04-03",NA,"Kimco Realty","Real Estate"
"KKR","2024-06-24",NA,"KKR & Co.","Financials"
"KLAC","1997-09-15",NA,"KLA Corporation","Information Technology"
"KM","1996-01-02","2002-01-17","Kmart Corporation","Consumer Discretionary"
"KMB","1996-01-02",NA,"Kimberly-Clark","Consumer Staples"
"KMG","1996-01-02","2006-08-11","Kerr-McGee Corporation","Energy"
"KMI","2000-12-12","2007-05-31","Kinder Morgan","Energy"
"KMI","2012-05-25",NA,"Kinder Morgan","Energy"
"KMX","2010-06-28",NA,"CarMax","Consumer Discretionary"
"KO","1996-01-02",NA,"Coca-Cola Company (The)","Consumer Staples"
"KORS","2013-11-13","2018-09-19","Michael Kors Holdings Limited","Consumer Discretionary"
"KR","1996-01-02",NA,"Kroger","Consumer Staples"
"KRB","1996-01-02","2006-01-03","MBNA Corporation","Financials"
"KRFT","2012-10-02","2015-07-06","Kraft Foods Group, Inc.","Consumer Staples"
"KRI","1996-01-02","2006-06-28","Knight-Ridder, Inc.","Communication Services"
"KSE","2000-08-21","2007-08-27","KeySpan Corporation","Utilities"
"KSS","1998-08-14","2020-09-21","Kohl's Corporation","Consumer Discretionary"
"KSU","1999-04-05","2000-07-13","Kansas City Southern","Industrials"
"KSU","2013-05-24","2021-12-14","Kansas City Southern","Industrials"
"KVUE","2023-08-25",NA,"Kenvue","Consumer Staples"
"KWP","1996-01-02","1999-11-16","Kiewit Pacific Company","Industrials"
"L","1996-01-02",NA,"Loews Corporation","Financials"
"LB","1996-01-02","2021-08-03","L Brands, Inc.","Consumer Discretionary"
"LDG","1996-01-02","2001-07-02","Longs Drug Stores Corporation","Consumer Staples"
"LDOS","2009-12-21","2013-09-23","Leidos","Industrials"
"LDOS","2019-08-09",NA,"Leidos","Industrials"
"LDW.B","1996-01-02","1999-12-08","Laidlaw Inc. (Class B)","Industrials"
"LEG","1999-10-18","2021-12-20","Leggett & Platt, Incorporated","Consumer Discretionary"
"LEHMQ","1998-01-12","2008-09-17","Lehman Brothers Holdings Inc.","Financials"
"LEN","2005-10-04",NA,"Lennar","Consumer Discretionary"
"LH","2004-11-01",NA,"Labcorp","Health Care"
"LHX","2019-06-01",NA,"L3Harris","Industrials"
"LIFE","2008-11-24","2014-01-24","Life Technologies Corporation","Health Care"
"LII","2024-12-23",NA,"Lennox International","Industrials"
"LIN","2018-11-06",NA,"Linde plc","Materials"
"LKQ","2016-05-23",NA,"LKQ Corporation","Consumer Discretionary"
"LLL","2004-12-01","2019-07-01","L3 Communications Holdings, Inc.","Industrials"
"LLTC","2000-04-03","2017-03-13","Linear Technology Corporation","Information Technology"
"LLX","1996-01-02","1997-10-23","The Louisiana Land and Exploration Company","Energy"
"LLY","1996-01-02",NA,"Lilly (Eli)","Health Care"
"LM","2006-04-24","2016-12-02","Legg Mason, Inc.","Financials"
"LMT","1996-01-02",NA,"Lockheed Martin","Industrials"
"LNC","1996-01-02","2023-09-18","Lincoln National Corporation","Financials"
"LNT","2016-07-01",NA,"Alliant Energy","Utilities"
"LO","2008-06-11","2015-06-12","Lorillard, Inc.","Consumer Staples"
"LOR","1996-01-02","1996-04-23","Loral Corporation","Industrials"
"LOW","1996-01-02",NA,"Lowe's","Consumer Discretionary"
"LPX","1996-01-02","2006-11-10","Louisiana-Pacific Corporation","Materials"
"LRCX","2012-06-05",NA,"Lam Research","Information Technology"
"LSI","1996-01-02","2014-05-07","LSI Corporation (formerly LSI Logic)","Information Technology"
"LU","1996-10-01","2006-12-01","Lucent Technologies Inc.","Information Technology"
"LUB","1996-01-02","1997-01-02","Luby's, Inc.","Consumer Discretionary"
"LULU","2023-10-18",NA,"Lululemon Athletica","Consumer Discretionary"
"LUMN","2020-09-18","2023-03-20","Lumen Technologies, Inc.","Communication Services"
"LUV","1996-01-02",NA,"Southwest Airlines","Industrials"
"LVLT","2014-11-05","2017-10-13","Level 3 Communications, Inc.","Communication Services"
"LVS","2019-10-03",NA,"Las Vegas Sands","Consumer Discretionary"
"LW","2018-12-03",NA,"Lamb Weston","Consumer Staples"
"LXK","1999-08-13","2012-10-01","Lexmark International, Inc.","Information Technology"
"LYB","2012-09-05",NA,"LyondellBasell","Materials"
"LYV","2019-12-23",NA,"Live Nation Entertainment","Communication Services"
"M","1996-01-02","2020-04-06","Macy's, Inc.","Consumer Discretionary"
"MA","2008-07-18",NA,"Mastercard","Financials"
"MAA","2016-12-02",NA,"Mid-America Apartment Communities","Real Estate"
"MAC","2013-05-09","2019-12-23","The Macerich Company","Real Estate"
"MAR","1998-05-21",NA,"Marriott International","Consumer Discretionary"
"MAS","1996-01-02",NA,"Masco","Industrials"
"MAT","1996-01-02","2019-06-07","Mattel, Inc.","Consumer Discretionary"
"MAY","1996-01-02","2005-08-29","The May Department Stores Company","Consumer Discretionary"
"MBI","1996-12-03","2009-12-21","MBIA Inc.","Financials"
"MCD","1996-01-02",NA,"McDonald's","Consumer Discretionary"
"MCHP","2007-09-07",NA,"Microchip Technology","Information Technology"
"MCIC","1996-01-02","1998-09-15","MCI Communications Corporation","Communication Services"
"MCK","1999-01-13","1994-09-30","McKesson Corporation","Health Care"
"MCO","1996-01-02",NA,"Moody's Corporation","Financials"
"MD","1996-01-02","1997-08-01","MEDNAX, Inc.","Health Care"
"MDLZ","2007-04-02",NA,"Mondelez International","Consumer Staples"
"MDP","1996-01-02","2011-01-04","Meredith Corporation","Communication Services"
"MDR","1996-01-02","2003-08-20","McDermott International, Inc.","Energy"
"MDT","1996-01-02",NA,"Medtronic","Health Care"
"MEA","1996-01-02","2002-01-30","The Mead Corporation","Materials"
"MEDI","2000-06-16","2007-06-01","MedImmune, Inc.","Health Care"
"MEE","1996-01-02","2000-12-22","Massey Energy Company","Energy"
"MEE","2008-06-23","2011-06-02","Massey Energy Company","Energy"
"MEL","1996-01-02","2007-07-02","Mellon Financial Corporation","Financials"
"MER","1996-01-02","2009-01-02","Merrill Lynch & Co., Inc.","Financials"
"MERQ","2000-06-29","2006-01-04","Mercury Interactive Corporation","Information Technology"
"MET","2000-12-11",NA,"MetLife","Financials"
"META","2022-06-09",NA,"Meta Platforms","Communication Services"
"MFE","2008-12-23","2011-03-01","McAfee, Inc.","Information Technology"
"MGM","2017-07-26",NA,"MGM Resorts","Consumer Discretionary"
"MHK","2013-12-23",NA,"Mohawk Industries","Consumer Discretionary"
"MHS","2003-08-20","2012-04-02","Medco Health Solutions, Inc.","Health Care"
"MI","2002-02-11","2011-07-06","Marshall & Ilsley Corporation","Financials"
"MII","1996-01-02","1999-06-22","Morton International, Inc.","Materials"
"MIL","1996-01-02","2010-07-15","Millipore Corporation","Health Care"
"MIR","1997-08-07","2000-06-01","Mirant Corporation","Utilities"
"MIR","2001-04-03","2003-07-17","Mirant Corporation","Utilities"
"MJN","2009-12-21","2017-06-15","Mead Johnson Nutrition Company","Consumer Staples"
"MKC","2003-03-21",NA,"McCormick & Company","Consumer Staples"
"MKG","1996-01-02","2000-10-18","McKesson HBOC, Inc.","Health Care"
"MKTX","2019-07-01","2025-09-22","MarketAxess","Financials"
"MLM","2014-07-02",NA,"Martin Marietta Materials","Materials"
"MMC","1996-01-02",NA,"Marsh McLennan","Financials"
"MMI","2011-01-04","2012-05-22","Motorola Mobility Holdings, Inc.","Information Technology"
"MMM","1996-01-02",NA,"3M","Industrials"
"MNK","2014-08-19","2017-07-26","Mallinckrodt plc","Health Care"
"MNR","1996-01-02","1998-09-28","Monongahela Power Company","Utilities"
"MNST","2012-06-29",NA,"Monster Beverage","Consumer Staples"
"MO","1996-01-02",NA,"Altria","Consumer Staples"
"MOB","1996-01-02","1999-12-01","MobileMedia Corporation","Communication Services"
"MOH","2022-03-02",NA,"Molina Healthcare","Health Care"
"MOLX","1999-12-01","2013-12-09","Molex Incorporated","Information Technology"
"MON","2002-08-14","2018-06-07","Monsanto Company","Materials"
"MOS","2011-09-26",NA,"Mosaic Company (The)","Materials"
"MPC","2011-07-01",NA,"Marathon Petroleum","Energy"
"MPWR","2021-02-12",NA,"Monolithic Power Systems","Information Technology"
"MRK","1996-01-02",NA,"Merck & Co.","Health Care"
"MRNA","2021-07-21",NA,"Moderna","Health Care"
"MRO","1996-01-02","2024-11-26","Marathon Oil Corporation","Energy"
"MS","1996-01-02",NA,"Morgan Stanley","Financials"
"MSCI","2018-04-04",NA,"MSCI Inc.","Financials"
"MSFT","1996-01-02",NA,"Microsoft","Information Technology"
"MSI","1996-01-02",NA,"Motorola Solutions","Information Technology"
"MST","1996-01-02","1998-08-14","MST Financial, Inc.","Financials"
"MTB","2004-02-27",NA,"M&T Bank","Financials"
"MTCH","2021-09-20",NA,"Match Group","Communication Services"
"MTD","2016-09-06",NA,"Mettler Toledo","Health Care"
"MTG","1996-07-19","2008-10-31","MGIC Investment Corporation","Financials"
"MTL","1998-02-23","1999-09-20","MeadWestvaco Corporation","Materials"
"MTLQQ","1996-01-02","2009-06-03","MTL Co., Ltd. (ADR)","Materials"
"MTW","2007-11-16","2009-09-01","Manitowoc Company, Inc.","Industrials"
"MU","1996-01-02",NA,"Micron Technology","Information Technology"
"MUR","2005-08-15","2017-07-26","Murphy Oil Corporation","Energy"
"MWI","1996-01-02","1999-05-28","Marcus & Millichap, Inc.","Real Estate"
"MWV","1996-01-02","2015-07-02","MeadWestvaco Corporation","Materials"
"MWW","2001-06-04","2011-12-19","Monster Worldwide, Inc.","Information Technology"
"MXIM","2000-05-10","2007-09-27","Maxim Integrated Products, Inc.","Information Technology"
"MXIM","2018-12-03","2021-08-30","Maxim Integrated Products, Inc.","Information Technology"
"MYG","1996-01-02","2006-04-03","Merrill Goldman, Inc.","Financials"
"MYL","2004-04-23","2020-11-17","Mylan N.V.","Health Care"
"MZIAQ","1996-01-02","2000-06-29","MZI Resources Ltd (ADR)","Materials"
"NAE","1996-01-02","1997-08-07","Nord Anglia Education Inc.","Consumer Discretionary"
"NAV","1996-01-02","2006-12-20","Navistar International Corporation","Industrials"
"NAVI","2014-05-01","2018-06-05","NavInfo Co., Ltd.","Information Technology"
"NBL","2007-10-08","2020-10-12","Noble Energy, Inc.","Energy"
"NBR","2000-10-18","2015-03-23","Nabors Industries Ltd.","Energy"
"NC","1996-01-02","2000-06-05","Nacco Industries, Inc.","Industrials"
"NCC","1996-01-02","2009-01-02","National City Corporation","Financials"
"NCE","1998-11-03","2000-08-21","New Century Energies, Inc.","Utilities"
"NCLH","2017-10-13",NA,"Norwegian Cruise Line Holdings","Consumer Discretionary"
"NCR","2000-01-04","2007-10-01","NCR Corporation","Information Technology"
"NDAQ","2008-10-22",NA,"Nasdaq, Inc.","Financials"
"NDSN","2022-02-15",NA,"Nordson Corporation","Industrials"
"NE","2001-01-16","2009-03-27","Noble Corporation","Energy"
"NE","2011-01-18","2015-07-20","Noble Corporation","Energy"
"NEE","1996-01-02",NA,"NextEra Energy","Utilities"
"NEM","1996-01-02",NA,"Newmont","Materials"
"NFB","2002-07-17","2006-12-01","North Fork Bancorporation, Inc.","Financials"
"NFLX","2010-12-20",NA,"Netflix","Communication Services"
"NFX","2010-12-20","2019-02-15","Newfield Exploration Company","Energy"
"NGH","1998-09-16","2000-12-12","National Gypsum Company","Materials"
"NI","2000-11-02",NA,"NiSource","Utilities"
"NKE","1996-01-02",NA,"Nike, Inc.","Consumer Discretionary"
"NKTR","2018-03-19","2019-10-03","Nektar Therapeutics","Health Care"
"NLC","1996-01-02","1999-08-02","Nalco Chemical Company","Materials"
"NLOK","2019-11-05","2022-11-08","NortonLifeLock Inc.","Information Technology"
"NLSN","2013-07-09","2022-10-12","Nielsen Holdings plc","Communication Services"
"NLV","1996-04-01","2000-01-06","Newell Co. (later Newell Rubbermaid)","Consumer Discretionary"
"NMK","1996-01-02","2002-02-01","Niagara Mohawk Power Corporation","Utilities"
"NOC","1996-01-02",NA,"Northrop Grumman","Industrials"
"NOV","2005-03-14","2021-09-20","National Oilwell Varco, Inc.","Energy"
"NOVL","1996-01-02","2011-04-28","Novell, Inc.","Information Technology"
"NOW","2019-11-21",NA,"ServiceNow","Information Technology"
"NRG","2010-01-29",NA,"NRG Energy","Utilities"
"NRTLQ","1996-01-02","2002-07-22","Northrop Grumman Corporation (Northrop pre-merger ticker)","Industrials"
"NSC","1996-01-02",NA,"Norfolk Southern","Industrials"
"NSI","1996-01-02","2001-12-03","National Semiconductor Corporation","Information Technology"
"NSM","1996-01-02","2011-09-26","Nationstar Mortgage Holdings Inc.","Financials"
"NTAP","1999-06-25",NA,"NetApp","Information Technology"
"NTRS","1998-01-30",NA,"Northern Trust","Financials"
"NUE","1996-01-02",NA,"Nucor","Materials"
"NVDA","2001-11-30",NA,"Nvidia","Information Technology"
"NVLS","2000-06-19","2012-06-05","Novellus Systems, Inc.","Information Technology"
"NVR","2019-09-26",NA,"NVR, Inc.","Consumer Discretionary"
"NWL","1996-01-02","2023-09-18","Newell Brands Inc.","Consumer Discretionary"
"NWS","2015-09-21",NA,"News Corp (Class B)","Communication Services"
"NWSA","2013-07-01",NA,"News Corp (Class A)","Communication Services"
"NXPI","2021-03-22",NA,"NXP Semiconductors","Information Technology"
"NXTL","1998-04-01","2005-08-15","Nextel Communications, Inc.","Communication Services"
"NYN","1996-01-02","1997-08-15","NYNEX Corporation","Communication Services"
"NYT","1996-01-02","2010-12-20","The New York Times Company","Communication Services"
"NYX","2007-10-25","2013-11-13","NYSE Euronext","Financials"
"O","2015-04-07",NA,"Realty Income","Real Estate"
"OAT","1996-01-02","2001-08-03","The Quaker Oats Company","Consumer Staples"
"ODFL","2019-12-09",NA,"Old Dominion","Industrials"
"ODP","1999-06-24","2010-12-20","The ODP Corporation (formerly Office Depot, Inc.)","Consumer Discretionary"
"OGN","2021-06-04","2023-10-18","Organon & Co.","Health Care"
"OI","1997-08-04","2000-12-11","O-I Glass, Inc. (Owens-Illinois)","Materials"
"OI","2009-01-02","2016-12-02","O-I Glass, Inc. (Owens-Illinois)","Materials"
"OK","1999-12-02","2001-04-02","Oklahoma Gas and Electric Company","Utilities"
"OKE","1996-01-02","2001-08-30","Oneok","Energy"
"OKE","2010-03-15",NA,"Oneok","Energy"
"OM","1996-01-02","1996-10-01","Outboard Marine Corporation","Consumer Discretionary"
"OMC","1997-12-24",NA,"Omnicom Group","Communication Services"
"OMX","1996-01-02","2008-06-23","OfficeMax Incorporated","Consumer Discretionary"
"ON","2022-06-21",NA,"ON Semiconductor","Information Technology"
"ONE","1996-01-02","2004-07-01","OneMain Holdings, Inc.","Financials"
"ORCL","1996-01-02",NA,"Oracle Corporation","Information Technology"
"ORLY","2009-03-27",NA,"O’Reilly Automotive","Consumer Discretionary"
"ORX","1996-01-02","1999-03-01","Orix Corporation (ADR)","Financials"
"OTIS","2020-04-03",NA,"Otis Worldwide","Industrials"
"OWENQ","1996-01-02","2000-10-02","Owens Corning","Materials"
"OXY","1996-01-02",NA,"Occidental Petroleum","Energy"
"PAC","1996-01-02","1997-04-01","Grupo Aeroportuario del Pacífico, S.A.B. de C.V.","Industrials"
"PALM","2000-07-28","2002-08-14","Palm, Inc.","Information Technology"
"PANW","2023-06-20",NA,"Palo Alto Networks","Information Technology"
"PARA","2022-02-17",NA,"Paramount Global","Communication Services"
"PAS","1996-01-02","1998-01-30","Pall Corporation","Industrials"
"PAYC","2020-01-28",NA,"Paycom","Industrials"
"PAYX","1998-10-01",NA,"Paychex","Industrials"
"PBCT","2008-11-13","2022-04-04","People’s United Financial, Inc.","Financials"
"PBG","2001-05-14","2010-03-01","The Pepsi Bottling Group, Inc.","Consumer Staples"
"PBI","1996-01-02","2017-03-01","Pitney Bowes Inc.","Industrials"
"PBY","1996-01-02","2000-04-03","Pep Boys – Manny, Moe & Jack","Consumer Discretionary"
"PCAR","1996-01-02",NA,"Paccar","Industrials"
"PCG","1996-01-02","2019-01-18","PG&E Corporation","Utilities"
"PCG","2022-10-03","2019-01-18","PG&E Corporation","Utilities"
"PCH","1996-01-02","2001-07-09","PotlatchDeltic Corporation","Real Estate"
"PCL","2002-01-17","2016-02-22","Plum Creek Timber Company, Inc.","Real Estate"
"PCP","2007-06-01","2016-02-01","Precision Castparts Corp.","Industrials"
"PCS","1998-11-24","2004-04-23","MetroPCS Communications, Inc.","Communication Services"
"PD","1996-01-02","2007-03-20","Phelps Dodge Corporation","Materials"
"PDCO","2005-10-11","2018-03-19","Patterson Companies, Inc.","Health Care"
"PDG","1996-01-02","2002-07-22","Placer Dome Inc.","Materials"
"PEAK","2019-11-05","2024-03-04","Healthpeak Properties, Inc.","Real Estate"
"PEG","1996-01-02",NA,"Public Service Enterprise Group","Utilities"
"PEL","1996-01-02","1997-06-19","Phelps Electronics Inc.","Information Technology"
"PENN","2021-03-22","2022-09-19","Penn Entertainment, Inc.","Consumer Discretionary"
"PEP","1996-01-02",NA,"PepsiCo","Consumer Staples"
"PET","1996-01-02","1998-06-29","Pets.com","Consumer Discretionary"
"PETM","2012-10-05","2015-03-12","PetSmart, Inc.","Consumer Discretionary"
"PFE","1996-01-02",NA,"Pfizer","Health Care"
"PFG","2002-07-22",NA,"Principal Financial Group","Financials"
"PG","1996-01-02",NA,"Procter & Gamble","Consumer Staples"
"PGL","1996-01-02","2007-02-22","Peoples Energy Corporation","Utilities"
"PGN","1996-01-02","2012-07-02","Progress Energy, Inc.","Utilities"
"PGR","1997-08-04",NA,"Progressive Corporation","Financials"
"PH","1996-01-02",NA,"Parker Hannifin","Industrials"
"PHA","1996-01-02","2003-04-16","Pharmacia Corporation","Health Care"
"PHB","1996-01-02","1999-10-04","Phoenix Home Life Mutual Insurance Company","Financials"
"PHM","1996-01-02",NA,"PulteGroup","Consumer Discretionary"
"PKG","2017-07-26",NA,"Packaging Corporation of America","Materials"
"PKI","1996-01-02","2023-05-16","PerkinElmer, Inc.","Health Care"
"PLD","2003-07-17",NA,"Prologis","Real Estate"
"PLL","1996-01-02","2015-08-31","Piedmont Lithium Inc.","Materials"
"PLTR","2024-09-23",NA,"Palantir Technologies","Information Technology"
"PM","2008-03-31",NA,"Philip Morris International","Consumer Staples"
"PMCS","2001-08-03","2007-07-02","PMC-Sierra, Inc.","Information Technology"
"PMI","1996-01-02","1996-05-31","The PMI Group, Inc.","Financials"
"PNC","1996-01-02",NA,"PNC Financial Services","Financials"
"PNR","2012-10-01",NA,"Pentair","Industrials"
"PNU","1996-01-02","2000-04-03","Panenergy Corporation","Energy"
"PNW","1999-10-04",NA,"Pinnacle West Capital","Utilities"
"PODD","2023-03-15",NA,"Insulet Corporation","Health Care"
"POM","2007-11-09","2016-03-24","Potomac Electric Power Company","Utilities"
"POOL","2020-10-07",NA,"Pool Corporation","Consumer Discretionary"
"PPG","1996-01-02",NA,"PPG Industries","Materials"
"PPL","1996-01-02",NA,"PPL Corporation","Utilities"
"PPW","1996-01-02","1999-11-30","Pepco Holdings, Inc.","Utilities"
"PRD","1996-01-02","2000-12-12","Polaroid Corporation","Information Technology"
"PRGO","2011-12-19","2021-09-20","Perrigo Company plc","Health Care"
"PRU","2002-07-22",NA,"Prudential Financial","Financials"
"PSA","2005-08-19",NA,"Public Storage","Real Estate"
"PSFT","1998-10-02","2004-12-29","PeopleSoft, Inc.","Information Technology"
"PSX","2012-05-01",NA,"Phillips 66","Energy"
"PTC","1997-04-03","2007-01-03","PTC Inc.","Information Technology"
"PTC","2021-04-20",NA,"PTC Inc.","Information Technology"
"PTV","1999-11-05","2010-11-17","Pactiv Corporation","Materials"
"PVH","2013-02-14","2022-09-19","PVH Corp.","Consumer Discretionary"
"PVN","1996-01-02","2005-10-03","Providian Financial Corporation","Financials"
"PVT","1998-08-31","1999-07-01","Provident Financial Group","Financials"
"PWER","2000-10-23","2005-03-14","Power-One, Inc.","Information Technology"
"PWJ","1999-06-04","2000-11-06","Price Waterhouse LLP","Financials"
"PWR","2009-07-01",NA,"Quanta Services","Industrials"
"PX","1996-01-02","2018-10-31","Praxair, Inc.","Materials"
"PXD","2008-09-24","2024-05-08","Pioneer Natural Resources Company","Energy"
"PYPL","2015-07-20",NA,"PayPal","Financials"
"PZE","1996-01-02","1998-12-31","Petrobras Energia Participaciones S.A.","Energy"
"Q","2000-07-06","2011-04-01","Qwest Communications International Inc.","Communication Services"
"QCOM","1999-07-22",NA,"Qualcomm","Information Technology"
"QEP","2010-07-01","2015-07-01","QEP Resources, Inc.","Energy"
"QLGC","2000-12-12","2011-01-18","QLogic Corporation","Information Technology"
"QRVO","2015-06-12","2024-12-23","Qorvo, Inc.","Information Technology"
"QTRN","1999-11-16","2003-09-26","Quintiles Transnational Corp.","Health Care"
"R","1996-01-02","2017-06-19","Ryder System, Inc.","Industrials"
"RAD","1996-01-02","2000-07-27","Rite Aid Corporation","Consumer Staples"
"RAI","2002-09-04","2017-07-25","Reynolds American Inc.","Consumer Staples"
"RAL","1996-01-02","2001-12-13","Ralston Purina Company","Consumer Staples"
"RATL","2002-02-01","2003-02-21","Rational Software Corporation","Information Technology"
"RBD","1996-01-02","1999-03-25","Rubbermaid Inc.","Consumer Discretionary"
"RBK","1996-01-02","2006-02-01","Reebok International Ltd.","Consumer Discretionary"
"RCL","2014-12-05",NA,"Royal Caribbean Group","Consumer Discretionary"
"RDC","1996-01-02","2014-08-19","Rowan Companies plc","Energy"
"RDS.A","1996-01-02","2002-07-22","Royal Dutch Shell plc (Class A)","Energy"
"RE","2017-06-19","2023-06-10","Everest Re Group, Ltd.","Financials"
"REG","2017-03-02",NA,"Regency Centers","Real Estate"
"REGN","2013-05-01",NA,"Regeneron Pharmaceuticals","Health Care"
"RF","1998-08-28",NA,"Regions Financial Corporation","Financials"
"RHI","2000-12-05","2024-06-24","Robert Half International Inc.","Industrials"
"RHT","2009-07-27","2019-07-15","Red Hat, Inc.","Information Technology"
"RIG","1999-12-31","2008-12-19","Transocean Ltd.","Energy"
"RIG","2013-10-29","2017-07-26","Transocean Ltd.","Energy"
"RJF","2017-03-20",NA,"Raymond James Financial","Financials"
"RL","2007-02-02",NA,"Ralph Lauren Corporation","Consumer Discretionary"
"RLM","1996-01-02","2000-05-04","Relm Communications, Inc.","Information Technology"
"RMD","2017-07-26",NA,"ResMed","Health Care"
"RML","1996-01-02","2000-12-12","Russell Corporation","Consumer Discretionary"
"RNB","1996-01-02","2000-01-03","Revlon, Inc.","Consumer Staples"
"ROH","1996-01-02","2009-04-02","Rohm and Haas Company","Materials"
"ROK","1996-01-02",NA,"Rockwell Automation","Industrials"
"ROL","2018-10-01",NA,"Rollins, Inc.","Industrials"
"ROP","2009-12-23",NA,"Roper Technologies","Information Technology"
"ROST","2009-12-21",NA,"Ross Stores","Consumer Discretionary"
"RRC","2007-12-21","2018-06-18","Range Resources Corporation","Energy"
"RRD","1996-01-02","2012-12-12","R.R. Donnelley & Sons Company","Industrials"
"RSG","2008-12-05",NA,"Republic Services","Industrials"
"RSHCQ","1996-01-02","2011-07-01","RadioShack Corporation","Consumer Discretionary"
"RTN","1996-01-02","2020-04-06","Raytheon Company","Industrials"
"RTX","2020-04-03",NA,"RTX Corporation","Industrials"
"RVTY","2023-05-16",NA,"Revvity","Health Care"
"RX","1996-11-04","2010-02-26","IMS Health Incorporated","Health Care"
"RYAN","1996-01-02","1997-01-02","Ryan's Family Steak Houses, Inc.","Consumer Discretionary"
"RYC","1996-01-02","1999-08-13","Royal Caribbean Cruises Ltd.","Consumer Discretionary"
"RYI","1996-01-02","1998-07-01","Ryerson Holding Corporation","Materials"
"S","1996-01-02","2013-07-09","Sprint Corporation","Communication Services"
"SAF","1996-01-02","2008-09-23","SAFECO Corporation","Financials"
"SAI","1997-07-17","1999-01-04","Science Applications International Corporation (SAIC)","Information Technology"
"SANM","2000-06-21","2007-07-02","Sanmina Corporation","Information Technology"
"SAPE","2000-05-05","2002-05-13","Sapient Corporation","Information Technology"
"SB","1996-01-02","1997-11-28","Smith Barney Holdings Inc.","Financials"
"SBAC","2017-09-01",NA,"SBA Communications","Real Estate"
"SBL","2000-12-11","2007-01-10","Symbol Technologies, Inc.","Information Technology"
"SBNY","2021-12-20","2023-03-15","Signature Bank","Financials"
"SBUX","2000-06-08",NA,"Starbucks","Consumer Discretionary"
"SCG","2009-01-02","2019-01-02","SCANA Corporation","Utilities"
"SCHW","1997-06-02",NA,"Charles Schwab Corporation","Financials"
"SCI","1996-01-02","2000-03-16","Service Corporation International","Consumer Discretionary"
"SDS","2002-07-22","2005-08-12","SunGard Data Systems Inc.","Information Technology"
"SE","2007-01-03","2017-02-27","Spectra Energy Corp","Energy"
"SEBL","2000-05-05","2006-02-01","Siebel Systems, Inc.","Information Technology"
"SEDG","2021-12-20","2023-10-18","SolarEdge Technologies, Inc.","Information Technology"
"SEE","1998-04-01","2023-10-18","Sealed Air Corporation","Materials"
"SEG","1996-08-16","2000-11-22","Seagate Technology","Information Technology"
"SFA","1996-01-02","2006-02-27","Scientific-Atlanta, Inc.","Information Technology"
"SFS","1996-01-02","1997-07-28","Service Merchandise Company, Inc.","Consumer Discretionary"
"SGID","1996-01-02","2000-06-21","Scientific Games International, Inc.","Consumer Discretionary"
"SGP","1996-01-02","2009-11-04","Schering-Plough Corporation","Health Care"
"SHLD","2005-03-28","2012-09-05","Sears Holdings Corporation","Consumer Discretionary"
"SHN","1996-01-02","1997-01-02","Shoney's, Inc.","Consumer Discretionary"
"SHW","1996-01-02",NA,"Sherwin-Williams","Materials"
"SIAL","1996-01-02","2015-11-18","Sigma-Aldrich Corporation","Materials"
"SIG","2015-07-29","2018-03-19","Signet Jewelers Limited","Consumer Discretionary"
"SII","2006-10-02","2010-08-27","Smith International, Inc.","Energy"
"SIVB","2018-03-19","2023-03-15","SVB Financial Group","Financials"
"SJM","2008-11-06",NA,"J.M. Smucker Company (The)","Consumer Staples"
"SK","1996-01-02","1998-04-01","Saks Holdings, Inc.","Consumer Discretionary"
"SLB","1996-01-02",NA,"Schlumberger","Energy"
"SLG","2015-03-23","2021-03-22","SL Green Realty Corp.","Real Estate"
"SLM","1998-07-01","2014-05-01","SLM Corporation (Sallie Mae)","Financials"
"SLR","1998-12-31","2007-10-02","Solectron Corporation","Information Technology"
"SMCI","2024-03-18",NA,"Supermicro","Information Technology"
"SMI","1996-01-02","2000-12-12","Semiconductor Manufacturing International Corporation (SMIC)","Information Technology"
"SMS","1996-01-02","2000-06-08","Santa Fe Snyder Corporation","Energy"
"SNA","1996-01-02",NA,"Snap-on","Industrials"
"SNDK","2006-04-20","2016-05-12","SanDisk Corporation","Information Technology"
"SNI","2008-07-01","2018-03-07","Scripps Networks Interactive, Inc.","Communication Services"
"SNPS","2017-03-16",NA,"Synopsys","Information Technology"
"SNT","1996-01-02","1999-10-26","Syntel, Inc.","Information Technology"
"SNV","1997-12-01","2008-01-02","Synovus Financial Corp.","Financials"
"SO","1996-01-02",NA,"Southern Company","Utilities"
"SOLV","2024-04-03",NA,"Solventum","Health Care"
"SOTR","1999-03-01","2004-11-01","SouthTrust Corporation","Financials"
"SOV","2004-07-01","2009-01-30","Sovereign Bancorp, Inc.","Financials"
"SPG","2002-06-26",NA,"Simon Property Group","Real Estate"
"SPGI","1996-01-02",NA,"S&P Global","Financials"
"SPLS","1998-10-07","2017-09-13","Staples, Inc.","Consumer Discretionary"
"SRCL","2008-11-19","2018-12-03","Stericycle, Inc.","Health Care"
"SRE","1998-06-29",NA,"Sempra","Utilities"
"SRR","1996-01-02","1997-10-07","Spiegel, Inc.","Consumer Discretionary"
"SSP","2005-12-20","2008-07-01","The E. W. Scripps Company","Communication Services"
"STE","2019-12-23",NA,"Steris","Health Care"
"STI","1996-01-02","2019-12-09","SunTrust Banks, Inc.","Financials"
"STJ","1996-01-02","2017-01-05","St. Jude Medical, Inc.","Health Care"
"STLD","2022-12-22",NA,"Steel Dynamics","Materials"
"STO","1996-01-02","1998-11-18","Statoil ASA (now Equinor ASA)","Energy"
"STR","2006-12-01","2010-07-01","Questar Corporation","Utilities"
"STT","1997-08-18",NA,"State Street Corporation","Financials"
"STX","2012-07-02",NA,"Seagate Technology","Information Technology"
"STZ","2005-07-05",NA,"Constellation Brands","Consumer Staples"
"SUB","1998-01-28","2001-03-01","Sunburst Hospitality Corporation","Consumer Discretionary"
"SUN","1996-01-02","2012-10-05","Sunoco Inc.","Energy"
"SUNEQ","2007-05-31","2011-12-19","SunEdison, Inc.","Information Technology"
"SVU","1996-01-02","2012-05-01","SuperValu Inc.","Consumer Staples"
"SW","2024-07-08",NA,"Smurfit Westrock","Materials"
"SWK","1996-01-02",NA,"Stanley Black & Decker","Industrials"
"SWKS","2015-03-12",NA,"Skyworks Solutions","Information Technology"
"SWN","2008-06-06","2017-04-04","Southwestern Energy Company","Energy"
"SWY","1998-11-13","2015-01-27","Safeway Inc.","Consumer Staples"
"SXCL","1999-10-01","2001-05-14",NA,NA
"SYF","2015-11-18",NA,"Synchrony Financial","Financials"
"SYK","2000-12-12",NA,"Stryker Corporation","Health Care"
"SYMC","2003-03-31","2019-11-05","Symantec Corporation","Information Technology"
"SYY","1996-01-02",NA,"Sysco","Consumer Staples"
"T","1996-01-02","2005-11-18","AT&T","Communication Services"
"TA","1996-01-02","1999-07-22","TravelCenters of America Inc.","Consumer Discretionary"
"TAP","1996-01-02",NA,"Molson Coors Beverage Company","Consumer Staples"
"TCOMA","1996-01-02","1999-03-10","Tele-Communications, Inc. (Class A)","Communication Services"
"TDC","2007-10-01","2017-06-19","Teradata Corporation","Information Technology"
"TDG","2016-06-03",NA,"TransDigm Group","Industrials"
"TDM","1996-01-02","1997-09-02","Tandem Computers Inc.","Information Technology"
"TDY","2020-06-22",NA,"Teledyne Technologies","Information Technology"
"TE","2001-10-10","2016-07-01","TECO Energy, Inc.","Utilities"
"TECH","2021-08-30",NA,"Bio-Techne","Health Care"
"TEG","2007-02-22","2015-06-30","Integrys Energy Group, Inc.","Utilities"
"TEK","1996-01-02","2007-11-16","Tektronix, Inc.","Information Technology"
"TEL","2007-07-02","2009-06-26","TE Connectivity","Information Technology"
"TEL","2011-10-17","2009-06-25","TE Connectivity","Information Technology"
"TEN","1996-01-02","1999-11-05","Tenneco Inc.","Consumer Discretionary"
"TER","1999-11-15","2013-12-23","Teradyne","Information Technology"
"TER","2020-09-21","2013-12-23","Teradyne","Information Technology"
"TEX","2006-12-20","2008-11-06","Terex Corporation","Industrials"
"TFC","2019-12-09",NA,"Truist Financial","Financials"
"TFX","2019-01-18","2025-04-24","Teleflex Incorporated","Health Care"
"TGNA","1996-01-02","2017-06-02","TEGNA Inc.","Communication Services"
"TGT","1996-01-02",NA,"Target Corporation","Consumer Staples"
"THC","1996-01-02","2016-04-18","Tenet Healthcare Corporation","Health Care"
"THY","1996-01-02","1996-10-16","Thyssen AG","Industrials"
"TIE","2007-10-29","2012-12-24","TIMET (Titanium Metals Corporation)","Materials"
"TIF","2000-06-21","2021-01-07","Tiffany & Co.","Consumer Discretionary"
"TIN","1996-01-02","2007-12-31","Temple-Inland Inc.","Materials"
"TJX","1996-01-02",NA,"TJX Companies","Consumer Discretionary"
"TKO","2025-04-24",NA,"TKO Group Holdings","Communication Services"
"TKR","1996-01-02","2001-08-07","The Timken Company","Industrials"
"TLAB","1996-01-02","2011-12-21","Tellabs, Inc.","Information Technology"
"TMC","1996-01-02","2000-06-13","Tele-Communications, Inc. (Class C)","Communication Services"
"TMC.A","1996-01-02","2000-06-13","Tele-Communications, Inc. (Class A)","Communication Services"
"TMK","1996-01-02","2019-08-08","Torchmark Corporation (now Globe Life Inc.)","Financials"
"TMO","1997-01-02",NA,"Thermo Fisher Scientific","Health Care"
"TMUS","2009-06-30","2013-05-01","T-Mobile US","Communication Services"
"TMUS","2019-07-15",NA,"T-Mobile US","Communication Services"
"TNB","1996-01-02","2004-08-03","Thomas & Betts Corporation","Industrials"
"TOS","1999-09-20","2001-09-17","Tosco Corporation","Energy"
"TOY","1996-01-02","2005-07-22","Toys “R” Us, Inc.","Consumer Discretionary"
"TPL","2024-11-26",NA,"Texas Pacific Land Corporation","Energy"
"TPR","2004-09-01",NA,"Tapestry, Inc.","Consumer Discretionary"
"TRB","1996-01-02","2007-12-21","Tribune Company","Communication Services"
"TRGP","2022-10-12",NA,"Targa Resources","Energy"
"TRIP","2011-12-21","2019-12-23","Tripadvisor, Inc.","Communication Services"
"TRMB","2021-01-21",NA,"Trimble Inc.","Information Technology"
"TROW","1999-10-13",NA,"T. Rowe Price","Financials"
"TRV","1996-01-02",NA,"Travelers Companies (The)","Financials"
"TRW","1996-01-02","2002-12-12","TRW Inc.","Industrials"
"TSCO","2014-01-24",NA,"Tractor Supply","Consumer Discretionary"
"TSG","2000-03-16","2007-04-02","The Sabre Group Holdings, Inc.","Information Technology"
"TSLA","2020-12-21",NA,"Tesla, Inc.","Consumer Discretionary"
"TSN","2005-08-11",NA,"Tyson Foods","Consumer Staples"
"TSS","2008-01-02","2019-09-23","Total System Services, Inc.","Information Technology"
"TT","2002-05-13","2008-06-06","Trane Technologies","Industrials"
"TT","2020-03-03",NA,"Trane Technologies","Industrials"
"TTWO","2018-03-19",NA,"Take-Two Interactive","Communication Services"
"TUP","1996-05-31","2004-03-25","Tupperware Brands Corporation","Consumer Discretionary"
"TWC","2009-03-30","2016-05-18","Time Warner Cable Inc.","Communication Services"
"TWTR","2018-06-07","2022-11-01","Twitter, Inc.","Communication Services"
"TWX","1996-01-02","2018-06-15","Time Warner Inc.","Communication Services"
"TX","1996-01-02","2001-10-10","Ternium S.A.","Materials"
"TXN","1996-01-02",NA,"Texas Instruments","Information Technology"
"TXT","1996-01-02",NA,"Textron","Industrials"
"TXU","1996-01-02","2007-10-10","TXU Corp.","Utilities"
"TYL","2020-06-22",NA,"Tyler Technologies","Information Technology"
"UA","2016-04-08","2022-06-21","Under Armour, Inc. (Class C)","Consumer Discretionary"
"UAA","2014-05-01","2022-06-21","Under Armour, Inc. (Class A)","Consumer Discretionary"
"UAL","2015-09-03",NA,"United Airlines Holdings","Industrials"
"UAWGQ","1996-01-02","2002-05-15","US Airways Group, Inc.","Industrials"
"UBER","2023-10-18",NA,"Uber","Industrials"
"UCC","1996-01-02","1999-05-03","Union Carbide Corporation","Materials"
"UCL","1996-01-02","2005-08-11","Unocal Corporation","Energy"
"UCM","1996-01-02","2000-10-23","Unicom Corporation","Utilities"
"UDR","2016-03-07",NA,"UDR, Inc.","Real Estate"
"UHS","2014-09-22",NA,"Universal Health Services","Health Care"
"UIS","1996-01-02","2008-11-11","Unisys Corporation","Information Technology"
"UK","1996-01-02","2001-02-07","Unitek Corporation","Industrials"
"ULTA","2016-04-18",NA,"Ulta Beauty","Consumer Discretionary"
"UMG","1996-01-02","2000-06-15","Universal Music Group, Inc.","Communication Services"
"UN","1996-01-02","2002-07-22","Unilever N.V.","Consumer Staples"
"UNH","1996-01-02",NA,"UnitedHealth Group","Health Care"
"UNM","1996-01-02","2021-09-20",NA,NA
"UNP","1996-01-02",NA,"Union Pacific Corporation","Industrials"
"UPC","1998-10-01","2004-07-01","Union Planters Corporation","Financials"
"UPR","1996-10-16","2000-07-17","Union Pacific Resources Group Inc.","Energy"
"UPS","2002-07-22",NA,"United Parcel Service","Industrials"
"URBN","2010-02-08","2017-03-20","Urban Outfitters, Inc.","Consumer Discretionary"
"URI","2014-09-22",NA,"United Rentals","Industrials"
"USB","1996-01-02",NA,"U.S. Bancorp","Financials"
"USBC","1996-01-02","1997-08-04","U.S. Bancorp","Financials"
"USH","1996-01-02","1997-06-18","U.S. Home Corporation","Consumer Discretionary"
"USHC","1996-01-02","1996-07-19","U.S. Healthcare, Inc.","Health Care"
"USS","1996-01-02","1998-10-02","United States Surgical Corporation","Health Care"
"UST","1996-01-02","2009-01-06","UST Inc.","Consumer Staples"
"USW","1996-01-02","2000-07-03","US WEST, Inc.","Communication Services"
"UTX","1996-01-02","2020-04-03","United Technologies Corporation","Industrials"
"UVN","2001-02-07","2007-03-29","Univision Communications Inc.","Communication Services"
"V","2009-12-21",NA,"Visa Inc.","Financials"
"VAR","2007-02-12","2021-04-20","Varian Medical Systems, Inc.","Health Care"
"VAT","1996-01-02","1996-09-06","Varity Corporation","Industrials"
"VFC","1996-01-02","2024-04-03","VF Corporation","Consumer Discretionary"
"VIAB","2006-01-03","2019-12-05","Viacom Inc. (Class B)","Communication Services"
"VIAC","2019-12-05","2022-02-17","ViacomCBS Inc.","Communication Services"
"VIAV","2000-07-27","2013-12-23","Viavi Solutions Inc.","Information Technology"
"VICI","2022-06-08",NA,"Vici Properties","Real Estate"
"VLO","2004-04-29",NA,"Valero Energy","Energy"
"VLTO","2023-10-02",NA,"Veralto","Industrials"
"VMC","1999-07-01",NA,"Vulcan Materials Company","Materials"
"VNO","2005-08-12","2023-01-04","Vornado Realty Trust","Real Estate"
"VNT","2020-10-12","2021-03-22","Vontier Corporation","Industrials"
"VO","1996-01-02","2000-12-11","The Seagram Company Ltd.","Consumer Staples"
"VRSK","2015-10-08",NA,"Verisk Analytics","Industrials"
"VRSN","2006-02-01",NA,"Verisign","Information Technology"
"VRTS","2000-04-03","2005-07-05","Virtus Investment Partners, Inc.","Financials"
"VRTX","2013-09-23",NA,"Vertex Pharmaceuticals","Health Care"
"VST","2024-05-08",NA,"Vistra Corp.","Utilities"
"VSTNQ","2000-06-29","2006-01-03","Visteon Corporation","Consumer Discretionary"
"VTR","2009-03-04",NA,"Ventas","Real Estate"
"VTRS","2020-11-17",NA,"Viatris","Health Care"
"VTSS","2000-12-12","2002-08-21","Vitesse Semiconductor Corporation","Information Technology"
"VZ","1996-01-02",NA,"Verizon","Communication Services"
"WAB","2019-02-27",NA,"Wabtec","Industrials"
"WAI","1996-01-02","1998-08-11","Western Atlas Inc.","Energy"
"WAMUQ","1997-07-02","2008-09-30","Washington Mutual, Inc.","Financials"
"WAT","2002-01-02",NA,"Waters Corporation","Health Care"
"WB","1996-01-02","2009-01-02","Wachovia Corporation","Financials"
"WBA","1996-01-02","2025-08-28","Walgreens Boots Alliance","Consumer Staples"
"WBD","2022-04-11",NA,"Warner Bros. Discovery","Communication Services"
"WCG","2018-09-17","2020-01-28","WellCare Health Plans, Inc.","Health Care"
"WCOEQ","1996-04-01","2002-05-15","WorldCom, Inc.","Communication Services"
"WDAY","2024-12-23",NA,"Workday, Inc.","Information Technology"
"WDC","2009-07-01",NA,"Western Digital","Information Technology"
"WEC","2008-10-31",NA,"WEC Energy Group","Utilities"
"WELL","2009-01-30",NA,"Welltower","Real Estate"
"WEN","1996-01-02","2008-09-30","The Wendy’s Company","Consumer Discretionary"
"WFC","1996-01-02",NA,"Wells Fargo","Financials"
"WFM","2006-01-03","2017-08-28","Whole Foods Market, Inc.","Consumer Staples"
"WFT","2005-07-22","2009-02-26","Weatherford International plc","Energy"
"WHR","1996-01-02","2024-03-18","Whirlpool Corporation","Consumer Discretionary"
"WIN","2006-07-18","2015-04-07","Windstream Holdings, Inc.","Communication Services"
"WLA","1996-01-02","2000-06-20","Warner-Lambert Company","Health Care"
"WLL","1996-01-02","2002-02-11","Whiting Petroleum Corporation","Energy"
"WLP","1999-06-09","2004-12-01","WellPoint, Inc.","Health Care"
"WLTW","2016-01-05","2022-01-20","Willis Towers Watson Public Limited Company","Financials"
"WM","1998-07-17",NA,"Waste Management","Industrials"
"WMB","1996-01-02",NA,"Williams Companies","Energy"
"WMT","1996-01-02",NA,"Walmart","Consumer Staples"
"WMX","1996-01-02","1998-07-17","Waste Management, Inc.","Industrials"
"WNDXQ","1996-01-02","2004-12-03","Windstream Holdings, Inc.","Communication Services"
"WOR","1996-01-02","2004-12-20","Worthington Industries, Inc.","Materials"
"WPX","2012-01-03","2014-03-24","WPX Energy, Inc.","Energy"
"WRB","2019-12-05",NA,"W. R. Berkley Corporation","Financials"
"WRK","2015-07-02","2024-07-08","WestRock Company","Materials"
"WSM","2025-04-24",NA,"Williams-Sonoma, Inc.","Consumer Discretionary"
"WST","2020-05-22",NA,"West Pharmaceutical Services","Health Care"
"WTW","2022-01-20",NA,"Willis Towers Watson","Financials"
"WU","2006-10-02","2021-12-20","The Western Union Company","Financials"
"WWY","1996-01-02","2008-10-07","Wm. Wrigley Jr. Company","Consumer Staples"
"WY","1996-01-02",NA,"Weyerhaeuser","Real Estate"
"WYE","1996-01-02","2009-10-16","Wyeth","Health Care"
"WYND","2006-08-01","2018-05-31","Wyndham Destinations, Inc.","Consumer Discretionary"
"WYNN","2008-11-14",NA,"Wynn Resorts","Consumer Discretionary"
"X","1996-01-02","2014-07-02","United States Steel Corporation","Materials"
"XEC","2014-06-20","2020-03-03","Cimarex Energy Co.","Energy"
"XEL","1996-01-02",NA,"Xcel Energy","Utilities"
"XL","2001-09-04","2018-09-12","XL Group Ltd","Financials"
"XLNX","1999-11-08","2022-02-15","Xilinx, Inc.","Information Technology"
"XOM","1996-01-02",NA,"ExxonMobil","Energy"
"XRAY","2008-11-14","2024-04-03","DENTSPLY SIRONA Inc.","Health Care"
"XRX","1996-01-02","2021-03-22","Xerox Holdings Corporation","Information Technology"
"XTO","2004-12-29","2010-06-28","XTO Energy Inc.","Energy"
"XYL","2011-11-01",NA,"Xylem Inc.","Industrials"
"YNR","2000-01-06","2000-10-03","Young & Rubicam Inc.","Communication Services"
"YRCW","1996-01-02","1996-11-04","YRC Worldwide Inc.","Industrials"
"YUM","1997-10-07",NA,"Yum! Brands","Consumer Discretionary"
"ZBH","2001-08-07",NA,"Zimmer Biomet","Health Care"
"ZBRA","2019-12-23",NA,"Zebra Technologies","Information Technology"
"ZION","2001-06-25","2024-03-18","Zions Bancorporation","Financials"
"ZTS","2013-06-24",NA,"Zoetis","Health Care"
